Latitude,Longitude,Year,Month,Day,Temperature,Temp_MAX,Temp_MIN,Dew,Wind speed,Wind speed_MAX,Wind speed_MIN,Wind direction,Relative humidity,specfic humidity, Surface Pressure,Fire
29.76,78.68,2021,1,24,10.12,17.34,5.76,-1.57,2.23,4.27,0.92,132.06,46.06,3.91,87.52,0
29.42,79.09,2021,1,29,10.15,18.38,5.33,-5.26,2.27,4.3,0.86,187.5,35.19,2.87,89.45,0
29.76,78.68,2021,1,31,10.15,17.8,5.09,-5.4,1.98,4.77,0.42,193.44,34.5,2.93,87.64,0
29.76,78.68,2021,1,13,10.17,18.22,5.8,-4.38,1.58,4.14,0.34,186.19,38.5,3.17,87.42,0
29.76,78.68,2021,2,4,10.18,16.23,5.15,2.35,2.59,3.72,1.43,108.12,61.38,5.25,87.75,0
29.42,79.09,2021,2,6,10.21,19.21,4.12,-0.42,2.57,4.35,1.23,226.62,52.94,4.15,89.37,0
29.42,79.09,2020,3,7,10.21,14.69,5.49,7.39,3.37,4.89,1.48,104.25,83.56,7.26,89.45,0
29.76,78.68,2020,2,11,10.21,17.25,5.01,-0.5,1.73,4.15,0.16,165.88,48.88,4.27,87.89,0
29.42,79.09,2021,1,30,10.3,19.23,5.19,-6.61,2.42,4.61,1.28,231.62,32.56,2.62,89.3,0
29.76,78.68,2020,3,6,10.44,13.25,6.63,6.9,4.12,6.96,2.31,95.88,79.62,7.2,87.21,0
29.76,78.68,2021,1,27,10.44,18.54,6.08,-7.54,2.0,4.49,0.44,189.25,29.19,2.5,87.61,0
29.76,78.68,2021,1,15,10.46,17.81,6.76,-2.84,1.71,4.06,0.53,204.12,40.81,3.54,87.46,0
29.76,78.68,2020,3,15,10.49,15.33,6.78,5.76,2.05,2.92,0.91,176.38,73.81,6.59,87.66,0
29.76,78.68,2021,1,21,10.51,19.28,4.37,-4.98,1.91,4.78,0.34,158.5,36.38,3.05,87.23,0
29.76,78.68,2021,1,22,10.59,17.96,4.24,-3.96,1.79,3.96,0.39,146.25,37.81,3.3,87.53,0
29.76,78.68,2020,2,23,10.64,13.69,8.01,6.9,1.93,2.93,0.79,53.81,78.06,7.14,87.91,0
29.42,79.09,2021,1,31,10.65,19.7,4.73,-5.45,2.48,4.76,0.98,217.19,34.31,2.81,89.48,0
29.42,79.09,2020,2,11,10.69,18.94,4.89,-0.15,2.16,3.67,0.38,164.44,49.25,4.27,89.71,0
29.37,79.02,2020,2,1,10.72,17.81,6.25,2.1,2.55,3.96,1.38,197.94,57.25,4.64,95.82,0
29.76,78.68,2019,3,2,10.74,17.28,6.65,1.76,1.86,3.86,0.42,110.44,57.38,5.07,87.66,0
29.42,79.09,2019,3,1,10.77,19.31,3.01,-0.69,2.32,4.27,0.29,145.0,48.31,4.09,89.34,0
29.42,79.09,2021,1,25,10.78,19.04,5.05,-1.95,2.32,3.51,1.34,148.19,43.94,3.72,89.51,0
29.42,79.09,2021,1,26,10.82,19.34,6.05,-4.35,2.09,3.74,1.0,172.69,37.25,3.11,89.45,0
29.37,79.02,2020,2,7,10.87,17.94,6.21,1.0,2.44,3.0,1.29,173.69,52.75,4.27,95.92,0
29.42,79.09,2021,1,14,10.9,19.46,5.3,-4.06,1.71,3.61,0.55,119.38,36.88,3.17,89.32,0
29.76,78.68,2021,1,20,10.9,18.84,5.05,-3.06,2.55,7.54,0.45,165.56,41.06,3.54,87.26,0
29.76,78.68,2021,2,1,10.94,18.61,5.71,-4.44,2.7,6.57,0.49,203.75,35.0,3.11,87.81,0
29.76,78.68,2021,1,17,10.99,18.8,6.18,-5.07,2.15,4.55,0.45,135.56,33.44,2.99,87.57,0
29.76,78.68,2019,3,5,10.99,16.87,6.9,5.28,1.99,3.8,0.34,170.62,70.25,6.41,87.09,0
29.76,78.68,2021,1,5,11.01,15.89,8.73,6.46,3.2,5.21,2.12,77.06,74.0,6.9,87.79,0
29.37,79.02,2020,2,6,11.15,18.3,5.32,1.65,2.3,3.06,1.28,242.62,54.56,4.52,95.64,0
29.42,79.09,2021,1,28,11.15,19.01,7.33,-5.36,2.15,3.96,0.56,155.94,32.44,2.87,89.53,0
29.37,79.02,2020,2,2,11.16,20.61,5.2,1.06,3.1,4.37,2.18,188.25,54.06,4.33,95.92,0
29.42,79.09,2021,2,4,11.17,16.49,6.79,3.46,3.06,4.47,1.64,80.44,61.19,5.55,89.67,0
29.42,79.09,2021,2,1,11.18,20.51,4.37,-4.19,3.45,6.88,1.95,288.38,36.38,3.11,89.65,0
29.76,78.68,2020,2,22,11.2,17.08,6.12,5.57,2.12,3.36,0.86,140.19,69.62,6.53,88.06,0
29.76,78.68,2019,3,3,11.2,17.65,5.71,5.95,2.53,3.61,0.99,151.0,72.19,6.65,87.41,0
29.76,78.68,2021,1,12,11.27,18.58,7.22,-4.07,1.8,4.97,0.26,266.38,36.62,3.36,87.51,0
29.76,78.68,2019,3,4,11.33,18.08,6.3,5.23,2.23,3.95,0.39,183.56,69.56,6.47,87.07,0
29.76,78.68,2020,2,27,11.33,15.91,7.66,7.51,1.78,3.77,0.63,157.88,79.06,7.45,87.67,0
29.76,78.68,2021,2,7,11.41,19.77,4.73,-1.45,1.79,4.16,0.34,155.5,44.12,3.97,87.59,0
29.76,78.68,2020,3,14,11.49,17.17,5.92,5.9,2.34,3.41,0.76,117.44,71.12,6.65,87.63,0
29.76,78.68,2021,1,6,11.5,16.33,8.33,6.33,1.48,2.81,0.29,111.69,71.5,6.9,87.66,0
29.76,78.68,2019,3,6,11.55,17.94,7.2,3.97,2.09,4.99,0.45,162.25,61.44,5.86,87.22,0
29.37,79.02,2021,1,13,11.57,19.75,7.02,-0.67,2.52,3.82,1.66,169.62,45.81,3.85,95.43,0
29.76,78.68,2020,3,8,11.57,19.44,4.91,5.38,2.41,3.84,0.9,188.56,69.25,6.47,87.67,0
29.48,79.1,2021,1,27,11.58,20.91,5.8,-6.6,2.41,4.5,0.95,216.69,30.19,2.62,89.46,1
29.42,79.09,2021,1,13,11.58,20.9,7.06,-4.46,1.94,3.89,0.77,167.75,35.56,3.11,89.22,0
29.42,79.09,2021,1,27,11.58,20.91,5.8,-6.6,2.41,4.5,0.95,216.69,30.19,2.62,89.46,0
29.37,79.02,2020,2,5,11.59,19.93,5.86,1.15,3.12,4.8,1.89,214.62,51.44,4.33,95.67,0
29.42,79.09,2021,1,24,11.65,19.26,7.06,-1.14,2.23,4.2,0.78,123.5,43.38,3.97,89.4,0
29.76,78.68,2020,2,26,11.69,17.21,6.95,7.03,1.93,4.48,0.16,189.75,74.81,7.2,87.54,0
29.76,78.68,2021,1,23,11.73,19.12,7.83,-3.65,1.96,4.33,0.28,121.69,36.06,3.36,87.42,0
29.42,79.09,2021,1,15,11.74,20.12,7.73,-3.27,1.73,3.48,0.36,181.88,37.06,3.36,89.25,0
29.42,79.09,2021,1,20,11.77,20.81,6.68,-2.01,3.2,6.95,1.7,236.44,42.75,3.72,89.09,0
29.42,79.09,2021,1,17,11.78,19.9,5.85,-5.23,2.4,4.22,0.82,110.12,31.5,2.87,89.42,0
29.37,79.02,2020,2,4,11.81,19.19,5.93,-0.06,2.42,3.0,1.16,130.88,46.0,3.97,95.76,0
29.76,78.68,2021,1,16,11.81,20.51,7.59,-5.09,1.75,4.78,0.03,245.62,32.31,2.99,87.29,0
29.76,78.68,2021,1,18,11.83,19.99,5.96,-3.02,2.09,3.62,1.34,131.56,37.12,3.54,87.67,0
29.76,78.68,2020,2,25,11.88,15.88,8.28,7.12,1.85,3.04,0.55,184.75,73.38,7.26,87.49,0
29.42,79.09,2021,1,22,11.9,19.81,5.05,-3.7,1.77,3.59,0.35,119.62,35.25,3.23,89.36,0
29.76,78.68,2019,3,7,11.94,18.41,7.66,3.33,2.27,5.09,0.69,149.44,57.38,5.62,87.32,0
29.37,79.02,2020,2,8,11.95,20.13,6.62,0.77,2.73,4.2,1.62,176.69,48.88,4.27,96.06,0
29.76,78.68,2020,2,12,11.95,19.25,7.58,2.4,2.24,5.67,0.47,209.56,53.88,5.31,87.83,0
29.76,78.68,2021,2,2,11.95,19.88,7.2,-4.88,2.23,5.12,0.29,150.5,33.0,3.05,87.74,0
29.76,78.68,2021,2,3,11.99,19.83,6.18,-2.2,2.23,3.89,0.19,127.06,39.19,3.78,87.76,0
29.42,79.09,2020,3,6,12.01,15.94,6.9,8.21,4.57,7.52,2.73,85.19,78.44,7.69,89.12,0
29.42,79.09,2020,3,15,12.09,17.3,7.86,6.98,2.06,2.79,1.67,182.31,72.94,7.02,89.52,0
29.37,79.02,2021,1,12,12.12,20.81,6.72,0.12,3.05,4.77,2.4,303.06,46.75,4.09,95.52,0
29.76,78.68,2020,2,24,12.19,17.41,7.55,5.85,1.71,2.41,0.27,108.0,66.25,6.65,87.56,0
29.76,78.68,2021,1,3,12.22,16.87,9.33,5.33,2.48,5.39,1.37,87.56,63.5,6.41,87.71,0
29.76,78.68,2019,3,8,12.23,19.63,6.94,1.66,2.23,5.81,0.41,205.0,51.38,4.94,87.56,0
29.37,79.02,2020,2,3,12.24,20.45,7.05,0.27,2.27,3.14,1.67,165.88,46.38,4.09,95.84,0
29.42,79.09,2020,2,22,12.26,17.71,7.44,7.55,1.91,2.58,1.16,131.81,74.25,7.32,89.91,0
29.42,79.09,2020,2,12,12.3,20.86,5.49,2.91,2.75,5.52,1.07,239.25,55.12,5.37,89.64,0
29.76,78.68,2021,1,8,12.3,19.0,8.5,-2.18,1.25,3.04,0.2,148.81,38.56,3.91,87.53,0
29.42,79.09,2020,2,25,12.36,16.04,9.05,9.38,1.62,2.56,0.41,136.0,82.88,8.3,89.37,0
29.42,79.09,2021,1,21,12.4,22.21,6.07,-4.85,2.09,4.42,0.8,145.38,32.94,3.05,89.02,0
29.37,79.02,2021,1,14,12.44,20.18,6.93,-2.17,1.86,2.59,0.76,131.0,38.19,3.42,95.5,0
29.42,79.09,2020,3,8,12.47,20.86,5.44,6.19,2.61,4.08,0.79,187.19,69.19,6.71,89.51,0
29.76,78.68,2021,1,11,12.47,20.26,8.48,-5.35,1.8,4.27,0.27,184.69,31.81,3.11,87.5,0
29.76,78.68,2021,1,1,12.47,19.77,8.7,-8.56,1.78,4.45,0.27,141.69,23.31,2.32,87.71,0
29.42,79.09,2019,3,2,12.48,19.48,6.88,1.54,2.02,3.77,0.79,118.0,51.19,4.88,89.51,0
29.76,78.68,2020,2,19,12.48,19.11,7.07,0.21,2.38,3.82,1.11,118.38,45.25,4.46,87.66,0
29.37,79.02,2021,1,29,12.53,20.71,7.61,-3.48,2.77,4.8,1.48,180.81,34.75,3.05,95.7,0
29.42,79.09,2020,2,27,12.54,18.3,8.49,8.73,1.85,3.33,0.46,138.69,79.62,7.93,89.51,0
29.42,79.09,2021,2,7,12.55,22.87,4.35,-1.35,2.28,3.88,0.73,142.38,42.94,3.91,89.38,1
29.42,79.09,2021,1,16,12.55,22.66,7.44,-4.95,2.55,5.13,1.48,270.94,32.44,2.99,89.1,0
29.42,79.09,2021,1,12,12.57,21.94,7.66,-4.35,2.05,4.73,0.89,290.56,33.81,3.17,89.31,0
29.76,78.68,2020,3,5,12.57,17.68,8.41,5.55,2.91,5.6,1.2,95.12,64.0,6.59,87.35,0
29.76,78.68,2021,2,8,12.67,21.19,6.26,-1.37,1.91,4.95,0.05,180.0,40.25,3.97,87.7,0
29.42,79.09,2019,3,5,12.69,19.55,8.08,5.49,2.3,3.87,0.74,198.56,64.81,6.35,88.94,0
29.44,79.05,2021,1,30,12.73,21.62,7.54,-3.43,2.8,5.12,1.47,169.19,34.69,3.11,95.58,1
29.76,78.68,2021,1,7,12.73,20.6,8.95,-0.02,1.72,3.7,0.66,137.31,46.19,4.64,87.49,0
29.76,78.68,2020,2,28,12.73,19.1,7.51,7.6,2.02,4.11,0.62,140.94,73.56,7.51,87.62,0
29.76,78.68,2021,1,19,12.74,19.58,9.33,0.22,2.2,5.21,0.62,157.19,43.38,4.46,87.37,0
29.42,79.09,2019,3,3,12.75,19.79,7.33,6.83,2.42,3.24,1.52,151.44,69.56,6.96,89.27,0
29.42,79.09,2020,2,26,12.77,18.19,8.82,8.54,1.66,3.02,0.5,138.31,77.56,7.81,89.39,0
29.42,79.09,2021,2,2,12.8,21.8,6.5,-4.27,2.7,5.09,1.15,172.56,33.44,3.11,89.6,1
29.42,79.09,2021,1,6,12.8,18.62,9.77,7.59,1.98,2.77,0.65,62.12,71.56,7.32,89.51,0
29.42,79.09,2020,2,23,12.89,17.98,9.23,8.98,1.63,2.68,0.23,97.31,78.25,8.06,89.76,0
29.76,78.68,2020,2,16,12.89,20.94,6.64,-0.59,2.1,4.41,0.77,164.94,41.5,4.21,87.72,0
29.76,78.68,2020,3,13,12.91,16.76,10.05,10.38,3.16,6.35,0.98,150.31,85.56,9.03,87.56,0
29.76,78.68,2020,3,11,12.97,20.01,7.87,7.36,3.49,6.77,1.49,122.06,71.5,7.51,87.3,0
29.37,79.02,2021,1,21,12.98,22.27,6.52,-0.63,2.76,5.96,1.58,153.88,42.56,3.85,95.24,0
29.76,78.68,2019,3,9,12.98,20.24,7.26,2.73,3.08,5.89,1.35,178.0,52.38,5.37,87.48,0
29.76,78.68,2021,1,4,12.98,19.09,8.55,4.8,2.51,4.02,0.41,122.06,58.81,6.16,87.81,0
29.37,79.02,2021,1,26,12.99,21.43,8.01,-0.13,2.27,3.18,0.81,180.69,43.25,3.97,95.65,0
29.42,79.09,2019,3,6,13.01,20.3,7.81,4.38,2.28,4.82,0.74,158.88,58.06,5.86,89.07,0
29.42,79.09,2019,3,4,13.01,20.69,6.69,5.48,2.47,4.16,0.42,174.31,64.25,6.41,88.92,0
29.37,79.02,2020,2,9,13.08,21.87,7.04,0.83,2.56,3.5,1.03,159.44,46.06,4.27,96.11,0
29.76,78.68,2020,2,17,13.1,20.15,8.51,-2.86,2.26,5.19,0.37,158.88,34.44,3.54,87.75,0
29.76,78.68,2021,1,10,13.13,22.15,8.45,-1.74,1.79,3.45,0.69,179.81,40.31,4.09,87.51,0
29.76,78.68,2020,2,29,13.16,20.33,8.87,7.89,2.02,4.12,0.28,114.19,72.38,7.63,87.59,0
29.37,79.02,2020,2,10,13.19,21.13,8.23,1.27,2.48,3.54,1.75,182.5,46.56,4.39,95.9,1
29.37,79.02,2021,1,15,13.19,21.12,8.82,-1.24,2.12,2.78,0.43,162.62,39.0,3.66,95.39,0
29.42,79.09,2020,2,19,13.19,20.66,7.94,1.58,2.52,3.5,1.77,97.88,47.62,4.82,89.55,0
29.76,78.68,2021,1,2,13.19,20.38,8.3,-3.4,1.61,4.59,0.32,111.56,33.25,3.6,87.75,0
29.76,78.68,2020,3,2,13.19,19.93,7.76,4.65,2.38,4.38,1.11,175.44,58.56,6.16,87.47,0
29.76,78.68,2020,3,16,13.19,20.18,7.1,4.87,2.01,3.88,0.42,192.06,59.69,6.29,87.66,0
29.76,78.68,2020,3,1,13.22,20.0,6.9,6.01,2.14,3.29,0.63,177.44,65.0,6.77,87.51,0
29.42,79.09,2020,3,14,13.23,19.04,7.62,7.3,2.15,2.97,0.74,109.62,70.0,7.2,89.51,0
29.76,78.68,2020,3,10,13.23,19.99,7.81,3.63,2.35,4.34,0.15,139.06,54.06,5.74,87.38,0
29.4,78.92,2021,1,20,13.26,23.05,7.42,1.27,3.49,7.7,1.91,226.0,48.31,4.39,95.27,1
29.42,79.09,2021,1,18,13.26,22.08,7.15,-3.02,2.14,3.52,1.38,148.81,34.06,3.48,89.52,0
29.76,78.68,2019,3,10,13.28,21.08,6.58,1.41,2.59,4.71,0.44,140.25,47.06,4.88,87.51,0
29.42,79.09,2021,1,23,13.3,20.84,8.87,-3.51,1.95,4.21,0.72,113.38,33.06,3.3,89.29,0
29.76,78.68,2021,2,19,13.3,20.65,7.74,0.62,2.41,5.62,0.38,157.94,44.25,4.58,87.85,0
29.76,78.68,2021,2,17,13.32,20.74,7.88,-1.38,2.22,3.82,0.3,150.56,38.31,3.97,87.49,0
29.76,78.68,2020,2,18,13.33,20.71,7.47,-1.95,2.14,5.43,0.14,172.0,36.12,3.85,87.55,0
29.42,79.09,2020,2,17,13.34,22.3,7.88,-1.49,2.75,4.59,1.56,256.81,38.81,3.85,89.59,0
29.37,79.02,2021,1,11,13.38,21.84,8.4,1.83,2.97,4.69,2.22,315.06,49.25,4.7,95.47,0
29.37,79.02,2021,1,17,13.4,21.15,7.24,-2.86,2.76,4.17,0.93,111.56,33.81,3.23,95.56,0
29.42,79.09,2020,2,24,13.42,18.77,8.44,7.9,1.71,2.8,0.84,101.94,70.62,7.51,89.42,0
29.42,79.09,2019,3,7,13.43,20.46,8.51,3.8,2.45,5.09,0.45,154.38,54.19,5.62,89.18,0
29.76,78.68,2019,3,15,13.44,20.87,7.12,5.01,2.5,4.02,1.38,147.38,61.56,6.23,87.79,0
29.42,79.09,2021,1,19,13.45,21.4,8.54,1.0,2.59,4.95,1.62,238.12,44.5,4.64,89.21,1
29.37,79.02,2021,1,25,13.45,21.67,8.58,0.69,2.21,3.09,0.59,159.69,43.94,4.21,95.68,0
29.37,79.02,2021,1,28,13.48,21.79,8.38,-3.25,2.25,2.91,0.96,194.56,33.0,3.11,95.7,1
29.76,78.68,2020,2,15,13.48,20.45,8.68,0.9,1.89,4.59,0.21,171.25,44.69,4.76,87.37,0
29.76,78.68,2021,2,14,13.48,19.98,10.02,1.66,1.9,3.89,0.41,154.0,46.5,4.94,87.53,0
29.37,79.02,2021,1,27,13.5,22.33,8.05,-2.36,2.79,3.99,2.06,253.0,35.88,3.42,95.63,1
29.37,79.02,2021,2,5,13.52,20.39,9.13,5.99,2.55,3.92,0.66,213.81,63.06,6.1,95.73,0
29.76,78.68,2021,2,10,13.58,20.49,8.87,0.08,2.05,4.35,0.55,145.75,41.56,4.39,87.46,0
29.76,78.68,2020,3,3,13.58,20.22,8.72,4.65,2.05,4.12,0.95,163.75,56.56,6.1,87.36,0
29.76,78.68,2020,3,9,13.6,20.94,7.61,2.57,2.03,4.59,0.2,192.0,49.81,5.37,87.38,0
29.76,78.68,2021,1,9,13.61,21.48,9.71,-0.03,1.81,3.55,0.73,139.44,42.44,4.7,87.6,0
29.37,79.02,2020,2,11,13.62,22.16,7.74,2.23,2.41,3.12,0.95,159.19,48.56,4.7,95.93,0
29.42,79.09,2021,1,11,13.62,22.85,9.3,-3.46,2.18,4.41,0.77,219.5,34.81,3.48,89.31,0
29.76,78.68,2021,2,16,13.63,21.65,7.89,-1.53,2.3,4.48,0.64,150.94,38.06,3.91,87.39,0
29.42,79.09,2019,3,8,13.65,22.31,7.73,2.76,3.06,6.37,1.68,211.5,51.88,5.25,89.38,0
29.42,79.09,2021,1,5,13.7,19.73,9.57,6.01,2.5,3.27,1.37,68.5,61.25,6.59,89.6,0
29.49,78.82,2021,1,16,13.73,23.32,8.33,-1.74,2.83,4.69,1.7,221.0,37.44,3.54,95.24,1
29.42,79.09,2020,2,28,13.73,20.1,9.05,9.12,1.98,3.28,1.09,114.44,75.88,8.12,89.47,0
29.37,79.02,2021,2,6,13.74,22.18,8.19,2.44,2.91,4.56,1.59,222.06,50.69,4.76,95.72,1
29.42,79.09,2020,2,18,13.74,23.33,6.69,-1.07,2.55,4.93,1.01,151.0,38.75,4.03,89.37,0
29.42,79.09,2021,2,8,13.75,22.98,7.53,-1.28,2.2,3.98,0.54,187.81,38.19,3.91,89.5,0
29.42,79.09,2020,3,5,13.75,19.3,8.9,7.19,3.0,5.05,1.8,85.56,66.31,7.2,89.22,0
29.76,78.68,2021,2,15,13.76,21.54,8.93,-0.0,2.43,5.42,0.48,175.5,41.62,4.39,87.42,0
29.76,78.68,2021,2,11,13.78,22.17,7.4,-0.61,2.33,4.55,0.5,182.75,39.81,4.21,87.47,0
29.76,78.68,2019,3,13,13.78,16.76,11.4,4.82,1.34,3.41,0.42,147.25,55.25,6.16,87.77,0
29.37,79.02,2021,1,31,13.79,22.31,7.94,-3.09,2.5,4.0,0.98,161.81,33.25,3.17,95.68,0
29.76,78.68,2021,2,9,13.8,21.16,8.19,0.47,1.87,5.23,0.16,187.38,42.25,4.58,87.53,0
29.42,79.09,2020,2,16,13.83,22.53,7.95,1.26,2.17,3.51,1.45,140.44,44.69,4.7,89.55,0
29.76,78.68,2019,3,14,13.83,21.39,7.78,4.9,2.49,3.16,1.63,139.19,58.75,6.23,87.83,0
29.42,79.09,2021,2,3,13.85,21.83,7.51,-2.08,2.3,4.3,0.71,129.5,35.25,3.72,89.65,1
29.37,79.02,2021,1,22,13.88,22.2,6.7,-1.93,2.38,3.56,0.96,114.5,35.69,3.48,95.48,0
29.76,78.68,2019,3,11,13.9,22.26,6.04,2.82,2.79,4.37,1.2,137.5,51.5,5.49,87.71,0
29.42,79.09,2021,1,7,13.93,22.8,9.31,1.62,2.14,3.3,1.35,132.5,47.5,5.0,89.32,0
29.76,78.68,2020,3,12,13.98,20.11,9.01,9.14,4.09,6.99,2.5,114.62,75.62,8.36,87.54,0
29.76,78.68,2020,3,4,14.01,20.42,8.76,4.24,2.02,3.98,0.36,130.5,53.38,5.98,87.35,0
29.76,78.68,2021,2,20,14.02,22.15,7.81,2.16,2.53,5.44,0.18,168.81,47.38,5.13,87.86,0
29.42,79.09,2020,3,16,14.05,21.99,7.19,5.8,2.38,3.95,1.23,195.62,60.62,6.53,89.5,0
29.42,79.09,2020,3,10,14.05,20.8,8.93,5.88,2.39,3.65,1.21,105.12,60.25,6.59,89.24,0
29.42,79.09,2020,3,11,14.05,20.15,9.3,8.6,3.45,6.05,2.04,104.69,72.44,7.93,89.19,0
29.42,79.09,2021,1,4,14.06,19.83,10.04,6.11,2.39,3.32,1.41,82.81,60.0,6.59,89.65,0
29.42,79.09,2021,1,1,14.1,21.15,10.06,-7.2,1.96,4.02,0.63,120.25,23.25,2.5,89.56,0
29.76,78.68,2020,2,20,14.11,21.43,8.81,2.12,2.55,3.86,1.31,119.12,47.19,5.13,87.67,0
29.42,79.09,2021,1,8,14.14,21.53,10.35,-2.35,1.65,3.02,0.38,199.12,34.0,3.72,89.35,0
29.42,79.09,2020,3,2,14.14,21.51,8.16,6.37,2.55,4.29,0.9,198.31,62.25,6.77,89.32,0
29.42,79.09,2021,2,19,14.16,22.35,7.94,0.17,2.61,5.33,0.41,175.75,41.5,4.33,89.69,0
29.42,79.09,2019,3,9,14.19,22.57,7.89,3.27,3.69,6.34,2.38,231.19,51.44,5.43,89.32,0
29.42,79.09,2020,2,15,14.21,23.06,8.4,2.61,2.23,3.74,0.72,178.94,49.38,5.25,89.17,0
29.42,79.09,2021,1,3,14.21,19.47,10.83,6.49,1.73,2.79,0.33,61.38,61.0,6.9,89.53,0
29.76,78.68,2021,2,12,14.21,21.09,10.08,0.9,1.98,4.77,0.25,155.75,42.12,4.7,87.54,0
29.76,78.68,2020,3,17,14.21,20.9,8.69,6.73,2.08,4.48,0.88,191.31,63.06,7.08,87.72,0
29.37,79.02,2020,2,21,14.23,19.54,11.09,9.04,4.45,7.38,1.81,84.69,71.88,7.51,95.89,0
29.37,79.02,2021,2,1,14.26,23.12,8.44,-2.38,3.52,6.35,1.96,156.5,33.88,3.36,95.83,1
29.42,79.09,2021,2,14,14.26,21.94,9.87,0.94,2.15,3.65,0.44,160.38,42.88,4.58,89.37,0
29.76,78.68,2021,2,13,14.29,21.42,10.67,1.26,1.74,4.33,0.23,165.31,43.19,4.82,87.57,0
29.42,79.09,2020,3,3,14.3,21.5,8.53,5.83,2.31,3.66,1.12,233.81,59.19,6.53,89.21,0
29.76,78.68,2021,2,18,14.35,21.48,9.97,-0.01,2.02,4.66,0.35,155.5,39.38,4.39,87.72,0
29.42,79.09,2020,3,1,14.36,19.85,9.19,8.02,1.95,3.6,0.98,191.31,67.81,7.57,89.38,0
29.4,78.92,2021,2,7,14.39,23.45,7.8,2.03,2.61,4.19,1.34,144.12,46.69,4.64,95.66,1
29.37,79.02,2021,1,18,14.43,21.0,10.15,-1.17,2.3,2.81,1.27,138.81,35.5,3.72,95.65,0
29.76,78.68,2020,2,14,14.44,21.49,8.75,5.12,2.73,5.59,0.49,220.88,56.06,6.35,87.32,0
29.37,79.02,2019,3,1,14.45,22.88,6.68,1.33,2.47,3.96,0.35,150.06,44.5,4.39,95.56,0
29.42,79.09,2021,1,10,14.47,24.55,9.26,-0.86,2.48,4.14,1.6,312.81,40.0,4.27,89.32,0
29.42,79.09,2020,2,20,14.5,22.12,9.75,3.75,2.82,4.02,1.93,101.0,51.12,5.62,89.57,0
29.42,79.09,2021,2,17,14.52,22.7,8.57,-1.71,2.27,3.53,0.52,144.19,34.88,3.78,89.37,0
29.37,79.02,2021,1,24,14.55,22.07,9.81,0.9,2.34,3.48,0.45,135.56,41.25,4.27,95.52,0
29.42,79.09,2021,2,11,14.55,23.63,7.69,-1.08,2.59,4.34,0.58,161.0,37.62,3.97,89.3,0
29.42,79.09,2021,2,20,14.57,23.91,7.55,1.51,2.82,4.92,1.84,188.0,44.62,4.76,89.67,0
29.42,79.09,2020,3,9,14.58,23.17,6.72,3.86,2.42,4.35,0.52,194.25,52.0,5.8,89.2,0
29.42,79.09,2019,3,10,14.62,22.83,7.16,1.58,2.68,4.24,0.44,121.0,44.19,4.82,89.37,0
29.42,79.09,2020,3,13,14.64,18.57,11.3,11.28,3.2,6.04,0.74,129.69,81.75,9.4,89.46,0
29.76,78.68,2019,3,12,14.65,21.78,8.63,6.16,2.84,4.2,1.2,161.81,59.81,6.77,87.72,0
29.42,79.09,2020,3,4,14.77,21.73,8.54,5.3,2.12,3.28,0.37,115.75,55.69,6.29,89.22,0
29.42,79.09,2021,2,16,14.8,23.36,8.38,-1.96,2.61,4.46,0.95,157.12,34.75,3.72,89.26,0
29.76,78.68,2020,3,19,14.81,20.34,10.51,7.22,2.02,3.48,0.91,174.62,61.75,7.32,87.41,0
29.76,78.68,2021,2,21,14.9,22.11,9.59,2.65,2.11,5.16,0.3,183.56,45.5,5.31,87.74,0
29.42,79.09,2021,2,15,14.92,23.65,9.57,0.15,2.84,5.78,0.92,161.31,39.5,4.33,89.26,0
29.76,78.68,2020,3,18,14.92,21.26,9.8,7.27,2.27,4.36,0.69,161.19,62.0,7.39,87.61,0
29.37,79.02,2020,3,7,14.93,19.97,10.74,10.04,3.61,5.16,1.62,111.0,74.06,8.12,95.56,0
29.42,79.09,2021,2,12,14.93,22.45,10.67,1.54,2.23,4.07,0.62,157.56,42.19,4.82,89.37,0
29.42,79.09,2021,1,2,15.02,22.63,9.82,-2.61,1.56,4.58,0.08,195.44,31.56,3.72,89.59,0
29.37,79.02,2021,1,1,15.03,22.62,10.99,-4.56,2.02,3.36,1.29,146.62,26.69,2.87,95.71,0
29.76,78.68,2021,3,1,15.03,22.92,10.45,-3.28,2.68,5.78,0.25,203.75,30.94,3.48,87.5,0
29.51,78.9,2020,2,12,15.04,23.85,9.33,4.46,3.02,5.66,1.72,163.81,51.56,5.55,95.8,1
29.42,79.09,2021,1,9,15.05,23.97,10.58,1.27,2.49,4.22,1.6,242.81,42.31,5.0,89.41,0
29.42,79.09,2020,3,17,15.1,22.73,8.96,6.9,2.37,4.2,1.05,231.25,60.81,7.02,89.57,0
29.76,78.68,2019,3,18,15.1,22.53,7.38,4.38,2.76,5.0,0.52,149.62,51.75,5.98,87.54,0
29.4,78.92,2021,1,23,15.12,22.12,11.23,-1.55,2.27,3.08,0.71,109.75,33.5,3.6,95.35,1
29.42,79.09,2021,2,18,15.12,23.16,8.65,-0.37,1.98,3.47,0.67,128.62,36.75,4.15,89.6,0
29.42,79.09,2020,2,14,15.13,23.5,8.87,6.3,3.33,5.86,1.87,253.62,58.69,6.71,89.12,0
29.42,79.09,2021,2,10,15.14,22.76,8.98,0.18,2.41,5.02,0.67,143.81,38.69,4.33,89.31,1
29.42,79.09,2020,3,12,15.21,21.41,9.84,10.59,3.88,6.41,2.39,98.44,76.75,8.97,89.43,0
29.42,79.09,2021,2,9,15.23,23.98,8.49,0.4,2.06,4.88,0.42,176.88,39.0,4.46,89.34,1
29.76,78.68,2020,3,20,15.24,20.8,9.56,6.75,2.06,3.06,0.88,158.69,58.44,7.14,87.39,0
29.42,79.09,2021,2,13,15.31,23.19,10.85,1.37,2.03,3.98,1.03,151.38,41.06,4.76,89.41,0
29.37,79.02,2021,2,4,15.34,22.44,11.01,5.41,3.76,5.29,2.16,98.31,54.12,5.98,95.71,0
29.76,78.68,2021,3,2,15.51,24.18,8.18,-2.82,2.74,6.72,0.47,187.0,30.75,3.6,87.42,0
29.76,78.68,2019,3,16,15.52,23.05,8.66,2.95,2.07,4.01,0.59,140.38,45.31,5.49,87.67,0
29.37,79.02,2020,2,15,15.6,24.82,8.87,5.23,2.84,3.97,2.19,252.62,54.62,5.86,95.29,0
29.76,78.68,2020,2,13,15.6,23.85,9.68,5.71,2.92,6.85,0.48,203.5,54.56,6.71,87.63,0
29.42,79.09,2019,3,15,15.61,23.4,9.62,5.33,2.25,3.17,0.68,159.75,55.0,6.29,89.64,0
29.76,78.68,2019,3,25,15.65,20.21,11.97,8.44,1.87,2.61,0.37,132.31,64.06,7.93,87.55,0
29.42,79.09,2020,2,29,15.67,22.81,11.12,9.45,1.77,2.83,0.45,141.56,69.06,8.36,89.41,0
29.42,79.09,2021,2,21,15.71,24.05,10.35,2.87,2.46,4.7,1.03,206.06,44.62,5.25,89.54,0
29.37,79.02,2021,1,10,15.72,24.05,10.5,5.22,3.02,4.29,2.55,318.0,53.31,5.98,95.43,0
29.37,79.02,2019,3,2,15.73,23.37,10.8,3.48,2.62,4.4,0.94,122.81,48.38,5.25,95.63,0
29.76,78.68,2020,3,22,15.73,20.41,11.57,8.07,1.77,3.61,0.26,199.56,61.38,7.69,87.52,0
29.42,79.09,2020,3,18,15.8,23.24,9.54,7.46,2.63,4.32,1.8,185.94,59.88,7.32,89.45,0
29.76,78.68,2019,3,19,15.8,22.19,11.31,5.1,2.54,4.77,0.92,182.75,50.56,6.29,87.3,0
29.76,78.68,2020,3,21,15.81,21.43,11.42,7.99,2.12,3.37,0.88,137.75,61.31,7.75,87.42,0
29.76,78.68,2019,3,17,15.85,22.56,10.19,4.05,2.02,4.27,0.46,137.44,47.38,5.86,87.59,0
29.55,79.1,2020,2,13,15.89,25.28,9.29,6.39,3.27,6.25,1.74,247.75,56.38,6.84,89.42,1
29.37,79.02,2021,2,8,15.91,24.95,10.29,1.26,2.51,3.8,1.1,172.56,39.69,4.39,95.69,0
29.76,78.68,2021,3,8,15.95,23.1,10.8,5.89,3.97,6.54,1.49,79.38,53.62,6.65,87.64,0
29.42,79.09,2019,3,11,15.98,24.3,7.48,2.25,2.36,3.11,0.88,139.38,42.88,5.07,89.55,0
29.76,78.68,2019,3,22,15.98,23.28,10.56,3.33,2.59,5.49,0.74,180.5,45.62,5.55,87.56,0
29.42,79.09,2021,3,1,15.99,25.06,10.07,-4.83,3.27,6.35,1.68,219.38,27.5,3.05,89.34,1
29.76,78.68,2020,3,28,16.0,21.58,12.08,10.0,2.04,4.66,0.08,227.38,69.56,8.79,87.63,0
29.37,79.02,2021,1,7,16.05,24.63,11.36,6.69,2.14,2.98,0.16,263.75,58.06,6.59,95.4,0
29.4,78.92,2019,2,12,16.08,23.83,11.98,4.1,1.93,2.7,0.69,113.0,46.81,5.37,96.07,1
29.76,78.68,2019,3,21,16.08,23.23,9.76,5.12,2.52,3.87,0.62,208.06,51.5,6.35,87.55,0
29.4,78.92,2021,2,2,16.12,24.25,10.6,-1.39,2.44,3.69,1.1,152.0,32.12,3.66,95.71,1
29.37,79.02,2020,2,22,16.14,22.52,10.37,8.67,1.97,2.9,1.2,135.75,62.75,7.32,96.13,0
29.76,78.68,2021,2,28,16.15,23.89,11.08,1.83,2.59,4.96,1.23,190.75,41.5,5.07,87.32,0
29.37,79.02,2020,3,6,16.16,20.21,12.3,10.98,5.28,8.51,3.17,93.75,72.12,8.67,95.15,0
29.42,79.09,2020,3,19,16.16,22.28,11.1,7.93,2.35,3.98,0.95,174.75,59.81,7.51,89.26,0
29.37,79.02,2019,3,6,16.19,23.83,10.65,6.37,2.84,4.84,1.59,288.38,54.69,6.29,95.19,0
29.37,79.02,2020,2,27,16.2,20.95,11.93,10.38,1.84,2.77,0.59,124.25,69.94,8.24,95.68,0
29.37,79.02,2021,1,6,16.24,20.53,12.33,10.47,1.84,2.99,0.18,122.44,69.5,8.3,95.55,0
29.4,78.92,2021,1,19,16.29,24.03,10.33,2.88,2.8,4.66,1.88,321.25,42.12,4.94,95.34,1
29.37,79.02,2020,3,15,16.3,21.85,11.26,8.83,2.3,3.13,1.18,181.69,63.44,7.39,95.71,0
29.37,79.02,2020,2,16,16.31,25.3,9.53,2.44,2.62,3.06,1.88,156.25,42.12,4.76,95.64,0
29.37,79.02,2021,1,8,16.31,24.12,11.34,4.36,2.01,2.37,1.65,203.94,48.81,5.62,95.42,0
29.37,79.02,2019,3,5,16.31,23.4,11.65,7.35,3.04,5.08,1.53,316.31,59.19,6.77,95.08,0
29.42,79.09,2019,3,13,16.32,21.39,12.87,5.14,1.52,2.88,0.51,180.12,48.56,6.16,89.58,0
29.76,78.68,2019,3,20,16.32,23.57,9.55,5.51,2.41,3.98,0.12,127.0,51.94,6.53,87.4,0
29.42,79.09,2019,3,12,16.35,24.25,9.54,5.95,2.66,3.47,1.56,153.06,53.38,6.53,89.54,0
29.42,79.09,2019,3,18,16.37,24.18,8.41,4.55,2.66,4.41,1.27,152.44,48.44,5.92,89.39,0
29.76,78.68,2020,3,29,16.37,22.84,11.18,7.44,2.82,6.18,1.01,222.38,57.56,7.45,87.41,0
29.76,78.68,2020,3,23,16.37,22.5,11.22,8.18,2.16,4.19,0.65,177.75,59.75,7.81,87.47,0
29.76,78.68,2019,3,23,16.39,24.8,9.8,1.24,2.63,5.44,0.68,176.25,39.31,4.82,87.45,0
29.42,79.09,2019,3,14,16.4,23.98,9.64,5.58,2.42,3.58,1.23,150.0,51.81,6.41,89.67,0
29.37,79.02,2020,2,17,16.43,25.43,10.8,0.01,3.19,5.03,1.73,199.88,35.88,4.03,95.73,0
29.76,78.68,2021,2,22,16.44,24.46,10.84,1.84,2.41,5.95,0.3,188.12,39.62,5.0,87.64,0
29.76,78.68,2020,3,26,16.46,20.58,14.01,8.56,2.17,4.45,0.34,248.62,61.0,8.12,87.48,0
29.42,79.09,2020,3,20,16.48,22.67,10.26,7.98,2.2,3.15,1.08,160.12,59.19,7.57,89.24,0
29.76,78.68,2020,3,30,16.49,23.26,10.73,6.51,2.38,5.64,0.45,186.12,54.31,7.02,87.43,0
29.76,78.68,2020,3,27,16.49,21.52,12.69,9.39,2.51,4.16,1.35,110.69,65.06,8.48,87.67,0
29.37,79.02,2021,1,3,16.51,22.81,13.96,10.55,2.48,5.27,1.09,85.94,69.12,8.48,95.54,0
29.76,78.68,2019,3,26,16.54,23.82,10.64,7.08,2.7,5.66,0.32,196.12,57.0,7.2,87.48,0
29.37,79.02,2021,1,2,16.58,24.3,11.8,1.04,2.02,5.34,0.48,125.94,36.5,4.52,95.67,0
29.76,78.68,2020,4,3,16.59,23.58,11.34,4.48,2.13,4.66,0.66,213.5,47.06,6.04,87.38,0
29.37,79.02,2020,2,26,16.61,22.93,10.99,10.48,1.83,2.76,0.41,165.56,70.5,8.3,95.65,0
29.76,78.68,2021,3,5,16.65,24.97,10.96,-3.12,4.24,8.13,1.14,266.81,28.12,3.48,87.24,0
29.76,78.68,2021,4,23,16.66,22.92,11.35,7.37,2.65,4.5,0.98,97.62,56.75,7.39,87.42,0
29.42,79.09,2021,3,2,16.68,25.85,9.58,-3.36,2.9,5.82,0.89,226.25,28.25,3.36,89.25,0
29.37,79.02,2020,3,8,16.69,24.69,10.4,8.79,2.75,3.98,0.8,213.38,62.62,7.45,95.64,0
29.76,78.68,2021,3,4,16.69,24.67,11.07,-3.08,3.16,6.7,0.95,188.5,28.31,3.48,87.46,0
29.76,78.68,2019,4,17,16.71,21.1,13.57,11.13,2.95,6.34,0.78,135.25,71.56,9.52,87.52,0
29.76,78.68,2019,4,18,16.73,21.69,12.24,9.69,2.23,4.76,0.48,101.0,66.25,8.61,87.48,0
29.37,79.02,2020,2,18,16.79,25.24,10.72,0.83,2.78,5.07,1.19,161.31,36.12,4.27,95.5,0
29.37,79.02,2020,2,19,16.81,24.5,10.21,2.4,3.38,4.46,2.64,102.25,40.44,4.76,95.59,0
29.42,79.09,2019,3,16,16.81,24.92,8.99,3.59,2.3,3.82,0.66,123.31,44.19,5.62,89.51,0
29.76,78.68,2020,4,2,16.83,23.54,12.09,7.01,2.86,5.91,0.94,202.56,54.62,7.2,87.28,0
29.37,79.02,2020,2,23,16.9,22.81,12.8,10.13,2.12,3.04,1.33,52.69,65.69,8.12,95.91,0
29.37,79.02,2020,3,11,16.9,22.75,12.77,10.46,3.87,6.45,1.53,113.38,67.25,8.36,95.21,0
29.37,79.02,2020,2,25,16.94,21.55,12.29,10.44,1.71,2.45,0.66,144.31,66.88,8.3,95.51,0
29.42,79.09,2019,3,19,16.94,24.35,11.49,4.88,2.86,4.86,1.55,189.81,47.12,6.1,89.13,0
29.76,78.68,2021,3,12,16.95,24.83,11.9,2.28,2.15,4.41,0.36,160.75,39.0,5.13,87.92,0
29.37,79.02,2021,2,3,16.97,25.3,10.3,0.3,2.34,3.22,0.7,112.94,34.5,4.09,95.7,1
29.37,79.02,2019,3,3,16.97,24.31,10.78,8.1,2.9,4.32,1.88,151.38,58.38,7.08,95.35,0
29.76,78.68,2021,3,7,17.04,24.54,11.44,2.27,2.46,4.21,0.86,106.88,39.25,5.19,87.46,0
29.37,79.02,2019,3,7,17.05,24.48,12.09,5.38,2.8,5.17,1.52,181.88,48.31,5.86,95.26,0
29.37,79.02,2020,2,14,17.08,25.76,10.52,8.4,4.0,6.87,2.23,287.19,60.31,7.26,95.2,1
29.37,79.02,2021,2,9,17.1,25.05,10.44,2.98,2.38,4.09,1.0,145.5,40.94,5.0,95.42,1
29.76,78.68,2021,2,23,17.11,25.28,11.3,1.42,2.88,6.9,0.46,187.56,37.56,4.88,87.53,0
29.37,79.02,2019,3,4,17.12,24.28,11.44,7.98,2.84,4.34,1.41,208.06,57.88,7.08,94.99,0
29.42,79.09,2019,3,22,17.14,25.48,10.84,3.66,3.02,5.56,2.02,262.94,44.5,5.55,89.38,0
29.42,79.09,2019,3,25,17.17,23.15,12.81,8.73,2.2,3.25,1.35,148.62,59.62,7.87,89.4,0
29.76,78.68,2021,2,27,17.19,24.01,11.9,6.46,2.86,5.75,1.46,198.25,51.38,6.96,87.14,0
29.37,79.02,2020,2,28,17.21,24.33,11.59,10.47,2.68,3.12,2.18,113.88,67.38,8.3,95.57,0
29.42,79.09,2020,3,21,17.21,23.57,11.89,8.87,2.12,3.11,1.41,139.62,59.88,8.06,89.26,0
29.42,79.09,2020,3,22,17.23,22.23,12.46,8.94,1.88,3.58,0.43,217.81,59.38,8.0,89.37,0
29.76,78.68,2021,3,3,17.23,25.89,10.97,-2.16,3.08,8.12,0.52,182.31,28.94,3.72,87.38,0
29.37,79.02,2020,3,9,17.28,25.51,10.24,6.97,3.02,4.52,2.0,301.44,54.94,6.59,95.3,0
29.76,78.68,2021,3,6,17.3,25.49,10.69,-2.52,2.62,5.88,0.16,194.31,27.75,3.66,87.27,0
29.42,79.09,2019,3,17,17.33,23.64,11.07,4.26,2.25,4.12,0.75,123.81,43.62,5.8,89.46,0
29.37,79.02,2021,1,5,17.36,23.43,13.67,9.07,3.09,4.5,2.09,60.81,59.19,7.57,95.61,0
29.42,79.09,2021,2,22,17.37,26.65,11.15,2.12,2.62,5.86,0.51,202.94,38.69,5.0,89.45,1
29.42,79.09,2020,3,23,17.4,23.89,11.45,9.0,1.98,3.05,1.06,178.31,59.31,8.06,89.3,0
29.42,79.09,2021,2,28,17.42,26.15,11.37,1.83,3.38,5.77,2.32,279.56,39.12,4.94,89.13,1
29.71,78.78,2021,2,11,17.47,26.65,10.95,1.62,2.66,3.3,1.17,171.5,37.38,4.52,95.41,1
29.42,79.09,2020,4,3,17.48,25.76,10.45,4.96,2.56,4.57,0.8,246.94,47.75,6.16,89.2,0
29.76,78.68,2021,2,24,17.48,25.83,11.8,-0.74,3.13,7.27,0.78,170.69,31.62,4.15,87.42,0
29.42,79.09,2020,3,26,17.51,24.03,13.68,9.73,3.34,5.87,1.72,314.19,62.38,8.48,89.27,0
29.76,78.68,2021,2,25,17.51,26.45,10.62,-0.5,3.62,7.89,0.59,192.0,32.56,4.33,87.26,0
29.76,78.68,2020,3,25,17.51,23.51,13.19,9.52,2.75,5.43,0.55,260.06,60.88,8.54,87.43,0
29.37,79.02,2020,3,14,17.54,23.76,11.08,9.37,2.38,3.26,0.55,109.75,62.38,7.75,95.6,0
29.76,78.68,2020,4,4,17.54,24.13,11.8,4.87,2.38,4.53,0.38,168.38,45.12,6.23,87.45,0
29.76,78.68,2019,3,24,17.57,25.36,12.31,4.94,3.08,6.96,1.01,195.0,46.0,6.35,87.45,0
29.37,79.02,2021,1,9,17.58,25.71,13.22,5.57,2.5,3.82,1.66,191.75,47.94,6.16,95.47,0
29.42,79.09,2020,3,29,17.62,25.15,12.05,8.17,3.36,6.23,1.89,306.38,57.0,7.63,89.22,0
29.76,78.68,2020,4,1,17.63,24.06,11.29,8.34,2.94,4.01,1.94,218.94,57.25,7.87,87.42,0
29.37,79.02,2021,2,14,17.65,24.95,13.19,3.06,2.27,3.1,1.09,149.81,39.88,5.0,95.5,0
29.42,79.09,2019,3,23,17.66,27.19,9.98,1.76,3.15,5.63,2.0,215.25,38.94,4.88,89.26,0
29.76,78.68,2021,3,25,17.69,25.43,11.37,-0.52,3.41,7.78,0.3,235.38,31.56,4.21,87.38,0
29.42,79.09,2020,3,28,17.7,24.42,12.58,10.05,2.34,4.68,0.75,262.88,63.25,8.67,89.44,0
29.42,79.09,2021,3,5,17.7,26.44,10.37,-3.2,4.49,7.4,1.97,298.88,26.38,3.36,89.09,0
29.76,78.68,2020,3,24,17.71,23.0,13.7,9.37,2.12,4.49,0.19,176.88,59.44,8.48,87.44,0
29.42,79.09,2020,3,30,17.76,24.88,10.9,7.23,2.7,4.94,1.23,194.19,53.31,7.2,89.25,0
29.42,79.09,2019,3,26,17.76,25.74,11.19,7.66,2.67,4.54,1.66,203.19,55.38,7.32,89.29,0
29.76,78.68,2020,4,27,17.82,22.42,14.12,12.46,2.56,4.66,0.33,109.94,72.25,10.38,87.63,0
29.42,79.09,2019,3,21,17.83,25.68,10.85,5.3,2.8,3.98,1.59,201.94,47.25,6.29,89.38,0
29.51,78.9,2020,2,13,17.85,28.33,10.58,8.26,3.66,7.05,1.95,240.06,56.88,7.2,95.47,1
29.42,79.09,2021,3,4,17.89,26.6,11.96,-3.63,3.62,6.84,1.62,212.56,25.56,3.3,89.29,0
29.37,79.02,2019,3,8,17.9,26.61,11.97,4.24,3.41,6.7,2.17,202.81,43.88,5.43,95.46,0
29.37,79.02,2020,3,10,17.9,25.53,11.57,6.25,2.22,3.19,0.39,106.75,49.38,6.29,95.29,0
29.42,79.09,2019,3,20,17.9,26.1,9.9,5.37,2.66,4.41,0.64,135.81,47.31,6.29,89.24,0
29.4,78.92,2021,2,10,17.96,25.7,12.19,2.23,2.72,4.33,1.09,163.38,37.31,4.7,95.41,1
29.37,79.02,2020,3,16,18.02,26.03,11.72,8.28,2.59,3.62,1.48,197.0,56.44,7.14,95.66,0
29.76,78.68,2020,4,21,18.02,22.12,13.7,9.88,2.34,3.88,1.34,207.38,60.31,8.73,87.31,0
29.76,78.68,2020,4,5,18.05,24.59,12.41,6.33,2.52,4.52,0.77,187.25,48.19,6.84,87.56,0
29.76,78.68,2021,3,9,18.06,26.51,10.59,2.13,2.62,4.31,0.91,159.0,38.62,5.13,87.6,0
29.37,79.02,2021,2,19,18.12,25.98,12.45,1.86,2.84,4.93,1.3,173.75,36.12,4.58,95.93,1
29.37,79.02,2021,2,12,18.12,25.42,13.37,3.76,2.22,3.51,1.04,167.75,39.94,5.25,95.49,1
29.55,79.1,2021,2,24,18.12,27.5,11.67,-0.77,3.57,7.08,1.75,214.88,30.94,4.09,89.23,1
29.42,79.09,2021,2,27,18.12,26.11,12.12,6.13,3.52,6.45,2.46,226.38,48.06,6.65,88.95,0
29.37,79.02,2021,2,20,18.15,26.46,12.37,3.85,2.79,4.66,1.31,191.12,40.75,5.25,95.85,0
29.37,79.02,2020,2,24,18.16,24.4,11.94,8.88,1.48,3.14,0.38,116.62,56.5,7.45,95.54,0
29.37,79.02,2019,3,13,18.18,23.01,14.94,6.75,2.43,3.52,1.47,271.0,48.69,6.47,95.66,0
29.37,79.02,2020,3,13,18.2,22.74,13.76,14.15,3.62,7.54,0.77,129.25,78.25,10.62,95.51,0
29.76,78.68,2021,3,14,18.2,25.9,13.38,1.05,2.55,5.84,0.17,191.44,34.0,4.76,87.51,0
29.42,79.09,2021,2,23,18.22,26.72,12.88,1.21,3.0,6.5,0.98,197.62,34.81,4.7,89.35,0
29.37,79.02,2021,2,15,18.23,26.65,13.01,2.58,2.84,4.42,1.16,191.56,37.75,4.82,95.36,1
29.51,78.73,2021,2,16,18.23,26.9,11.94,1.01,2.84,3.7,1.89,172.56,34.44,4.33,95.34,1
29.37,79.02,2021,2,17,18.23,26.5,12.94,0.77,2.45,3.23,0.82,152.5,32.94,4.27,95.49,0
29.37,79.02,2021,2,16,18.23,26.9,11.94,1.01,2.84,3.7,1.89,172.56,34.44,4.33,95.34,0
29.37,79.02,2021,1,4,18.23,25.55,13.69,8.68,2.45,4.32,1.32,116.06,55.88,7.39,95.65,0
29.42,79.09,2021,2,25,18.23,27.89,10.69,-0.16,4.03,7.63,1.98,209.0,32.31,4.27,89.07,0
29.53,79.05,2021,2,15,18.23,26.65,13.01,2.58,2.84,4.42,1.16,191.56,37.75,4.82,95.36,0
29.76,78.68,2019,3,27,18.23,26.2,9.8,4.8,2.58,4.85,0.21,160.31,43.75,6.23,87.61,0
29.42,79.09,2019,4,17,18.24,22.71,15.09,11.87,2.58,5.79,0.27,121.94,68.25,9.77,89.38,0
29.76,78.68,2021,2,26,18.27,26.01,13.01,1.08,3.16,7.24,0.8,169.75,34.19,4.82,87.08,0
29.76,78.68,2021,3,15,18.29,26.37,12.13,0.73,2.81,6.02,0.91,187.0,33.0,4.64,87.43,0
29.42,79.09,2020,4,2,18.33,26.04,12.14,7.53,3.07,5.68,1.02,212.25,52.75,7.32,89.11,0
29.76,78.68,2021,3,10,18.42,26.31,12.15,2.94,2.52,5.14,0.87,167.5,38.25,5.49,87.56,0
29.37,79.02,2021,2,21,18.44,26.57,13.48,4.44,2.69,4.58,1.37,181.62,41.5,5.49,95.69,1
29.37,79.02,2019,3,9,18.45,26.9,12.0,5.28,4.15,6.78,2.66,215.25,45.19,5.86,95.37,0
29.37,79.02,2021,2,13,18.47,26.08,13.65,3.35,2.16,3.32,0.66,170.0,38.62,5.13,95.5,0
29.76,78.68,2021,3,11,18.49,26.56,10.6,3.03,2.51,4.31,0.23,139.31,39.12,5.43,87.65,0
29.42,79.09,2020,3,25,18.51,25.54,12.91,10.04,3.42,5.98,1.89,306.88,60.12,8.67,89.24,0
29.76,78.68,2019,4,19,18.52,25.11,11.55,8.85,2.29,3.72,0.73,202.19,56.56,8.18,87.25,0
29.37,79.02,2020,3,5,18.53,24.86,14.32,10.06,3.18,5.7,1.11,97.81,60.06,8.18,95.26,0
29.76,78.68,2021,4,22,18.57,23.6,13.76,8.71,2.2,3.82,0.48,137.44,55.75,8.12,87.43,0
29.76,78.68,2020,4,6,18.58,25.28,12.76,6.58,3.57,6.38,1.38,194.5,47.88,7.02,87.45,0
29.37,79.02,2020,2,20,18.6,26.65,12.44,4.53,3.72,5.02,2.76,108.31,42.0,5.55,95.6,0
29.37,79.02,2020,3,2,18.61,26.01,13.17,8.26,2.66,3.73,1.02,189.0,53.62,7.14,95.43,1
29.42,79.09,2021,3,6,18.62,27.4,11.91,-2.74,2.78,5.5,1.02,223.38,25.62,3.48,89.11,0
29.37,79.02,2019,3,10,18.63,26.54,12.26,3.72,2.21,3.76,0.63,141.62,39.94,5.25,95.44,0
29.42,79.09,2019,4,18,18.64,24.11,13.3,10.62,2.0,4.08,0.23,121.88,63.12,9.03,89.32,0
29.76,78.68,2021,3,16,18.65,26.57,13.08,1.84,3.19,7.34,0.85,186.81,34.62,5.0,87.43,0
29.42,79.09,2021,2,26,18.66,27.82,12.16,1.63,3.82,7.46,1.7,281.69,35.62,4.88,88.89,1
29.42,79.09,2021,3,3,18.66,27.76,12.52,-2.58,3.01,7.16,0.41,198.38,25.75,3.54,89.2,1
29.37,79.02,2020,3,1,18.66,25.76,12.61,10.18,2.55,4.39,1.23,176.38,61.25,8.18,95.47,0
29.37,79.02,2020,3,3,18.66,26.26,12.94,7.54,2.75,3.69,1.91,181.5,51.0,6.84,95.29,0
29.55,79.1,2021,2,26,18.66,27.82,12.16,1.63,3.82,7.46,1.7,281.69,35.62,4.88,88.89,0
29.42,79.09,2020,4,4,18.69,26.44,12.53,5.13,2.73,4.64,1.3,162.56,43.75,6.23,89.27,0
29.76,78.68,2021,4,3,18.73,27.51,11.25,-12.47,3.55,7.5,1.12,226.56,11.44,1.59,87.16,0
29.76,78.68,2020,3,31,18.73,26.05,13.46,7.52,2.38,5.42,0.62,164.69,51.31,7.63,87.41,0
29.37,79.02,2020,3,17,18.76,26.87,12.06,9.55,2.84,4.19,1.98,234.38,58.75,7.81,95.68,0
29.42,79.09,2020,4,27,18.76,23.75,14.48,13.49,2.34,3.77,0.45,113.44,72.62,10.86,89.47,0
29.76,78.68,2021,3,13,18.78,27.31,12.51,3.58,2.54,5.87,0.66,163.5,38.94,5.62,87.74,0
29.42,79.09,2021,3,8,18.79,25.93,13.33,2.94,2.46,3.59,1.46,85.06,37.75,5.31,89.43,0
29.42,79.09,2020,3,24,18.84,24.81,14.41,9.82,2.47,4.77,0.83,178.44,57.62,8.61,89.26,0
29.76,78.68,2021,3,24,18.84,26.44,13.32,2.13,2.84,6.62,0.43,218.31,35.06,5.13,87.6,0
29.76,78.68,2020,4,20,18.84,23.17,14.75,8.73,2.2,3.84,0.46,144.88,53.62,8.18,87.33,0
29.37,79.02,2021,3,2,18.86,28.79,10.96,-0.17,3.35,6.69,1.22,239.0,30.62,3.97,95.34,0
29.76,78.68,2021,4,2,18.86,27.05,13.53,-11.42,3.49,7.98,0.34,253.31,12.12,1.71,86.91,0
29.42,79.09,2020,3,27,18.87,25.65,14.48,9.65,2.16,3.47,0.66,130.5,57.38,8.42,89.48,0
29.48,79.1,2021,3,25,18.9,27.27,12.42,-1.04,3.8,7.52,1.62,275.56,28.56,3.97,89.22,1
29.42,79.09,2021,3,7,18.9,27.16,12.15,-0.01,2.31,3.02,0.62,123.0,30.12,4.33,89.29,0
29.76,78.68,2021,4,1,18.94,28.18,12.0,-10.97,5.69,11.36,1.54,289.69,13.38,1.83,86.52,0
29.42,79.09,2020,4,5,18.98,27.01,11.87,6.66,2.83,4.78,1.38,181.94,47.5,6.9,89.37,0
29.76,78.68,2019,3,28,18.99,24.69,14.48,7.22,2.25,4.38,0.81,172.38,47.88,7.32,87.54,0
29.76,78.68,2021,5,20,19.03,21.5,15.78,15.69,1.84,2.75,0.38,164.69,81.38,12.94,86.77,0
29.76,78.68,2020,4,9,19.04,25.87,11.83,7.12,2.42,4.34,0.81,147.25,48.19,7.26,87.32,0
29.59,78.64,2021,2,18,19.05,27.27,13.27,1.05,2.17,3.72,0.17,151.81,31.81,4.33,95.76,1
29.77,78.71,2020,5,7,19.05,24.38,13.9,10.56,2.52,4.58,1.0,207.75,59.19,9.16,87.22,1
29.76,78.68,2020,4,8,19.05,25.87,13.09,7.12,2.8,5.22,0.73,167.5,48.19,7.26,87.34,0
29.37,79.02,2019,3,15,19.11,27.64,12.61,6.79,3.02,4.04,1.14,188.25,49.62,6.47,95.73,0
29.42,79.09,2019,3,24,19.13,27.72,12.65,4.65,3.69,6.79,2.06,255.69,41.56,6.1,89.25,0
29.76,78.68,2021,3,26,19.16,26.97,11.67,0.16,2.51,5.45,0.15,175.75,29.94,4.52,87.31,0
29.76,78.68,2021,3,18,19.21,27.59,12.6,0.5,3.08,6.62,1.45,178.25,31.0,4.58,87.43,0
29.42,79.09,2021,3,12,19.23,28.63,12.52,0.76,2.9,7.37,0.9,153.19,31.69,4.52,89.75,1
29.76,78.68,2020,4,28,19.23,25.01,12.79,11.94,2.2,3.35,0.33,174.88,65.12,10.01,87.52,0
29.42,79.09,2021,3,14,19.37,28.06,13.76,0.61,3.05,5.75,1.57,279.0,31.38,4.52,89.33,0
29.42,79.09,2019,3,27,19.37,28.01,10.68,5.27,2.55,4.26,1.05,149.44,42.56,6.23,89.4,0
29.76,78.68,2020,4,7,19.37,26.06,13.76,5.89,3.3,7.16,1.19,193.25,43.44,6.71,87.26,0
29.76,78.68,2021,3,17,19.42,27.08,14.33,1.12,3.37,7.3,0.44,207.12,31.56,4.76,87.35,0
29.42,79.09,2020,4,21,19.43,22.42,15.58,11.95,1.96,3.22,1.08,203.5,62.81,9.89,89.15,0
29.76,78.68,2021,4,24,19.43,27.08,11.73,5.44,2.27,3.53,0.38,177.62,44.06,6.47,87.25,0
29.42,79.09,2020,4,1,19.44,26.64,12.9,8.48,3.26,4.48,2.24,213.81,52.12,7.81,89.23,0
29.37,79.02,2020,2,29,19.51,26.94,14.53,11.52,2.37,4.07,0.67,94.56,62.56,8.97,95.46,0
29.42,79.09,2021,3,15,19.53,28.37,12.18,0.19,3.43,6.48,1.81,206.81,29.5,4.33,89.25,0
29.76,78.68,2021,3,23,19.57,26.47,15.04,3.87,2.22,3.72,1.27,169.25,37.62,5.8,87.67,0
29.76,78.68,2021,3,20,19.58,27.38,12.9,1.42,2.82,6.45,0.38,175.25,31.31,4.88,87.16,0
29.76,78.68,2019,4,2,19.59,27.69,11.72,3.61,2.95,5.29,1.05,187.19,37.44,5.74,87.36,0
29.42,79.09,2021,5,20,19.6,21.97,16.78,17.5,2.37,3.88,0.1,153.88,88.0,14.28,88.52,0
29.42,79.09,2020,4,6,19.65,27.3,13.05,7.06,4.05,6.69,2.2,238.94,47.12,7.08,89.25,0
29.76,78.68,2021,3,19,19.65,27.39,15.12,0.61,2.44,6.29,0.2,196.19,29.38,4.58,87.4,0
29.76,78.68,2019,4,1,19.67,27.58,12.82,3.28,2.91,5.29,0.73,162.38,36.38,5.55,87.2,0
29.76,78.68,2020,4,22,19.67,24.9,14.12,8.67,1.73,3.05,0.77,218.88,50.44,8.12,87.19,0
29.76,78.68,2020,4,10,19.68,24.76,15.18,8.4,2.16,3.24,0.88,197.06,49.38,7.93,87.5,0
29.37,79.02,2020,3,4,19.7,27.08,12.72,7.5,2.16,2.91,0.48,123.31,47.94,6.84,95.25,0
29.37,79.02,2020,3,12,19.73,26.18,14.97,13.23,4.73,7.34,3.11,107.0,68.69,10.01,95.38,0
29.76,78.68,2021,3,21,19.76,27.76,12.62,2.56,2.84,5.94,0.97,199.69,33.69,5.25,87.23,0
29.37,79.02,2019,3,14,19.77,28.04,13.42,6.71,2.9,4.44,0.38,165.81,46.25,6.47,95.69,0
29.42,79.09,2021,3,16,19.77,28.37,13.17,1.4,3.65,7.4,1.8,239.19,31.5,4.76,89.26,0
29.76,78.68,2020,4,26,19.78,23.06,16.44,11.82,2.3,3.65,1.57,115.56,61.12,9.95,87.37,0
29.42,79.09,2021,3,9,19.85,28.57,11.98,1.69,2.72,4.74,0.9,169.12,33.19,4.88,89.43,0
29.42,79.09,2021,4,2,19.87,29.12,12.85,-12.61,3.73,7.64,1.26,246.44,10.12,1.46,88.75,0
29.42,79.09,2021,4,3,19.9,29.2,11.81,-13.64,3.6,7.05,1.55,230.94,9.5,1.34,89.01,0
29.51,78.9,2021,2,22,19.92,28.01,13.65,3.77,2.88,5.41,0.68,177.25,36.38,5.25,95.51,1
29.4,78.92,2021,3,1,19.94,28.48,13.43,-2.42,3.88,6.64,2.08,228.19,25.31,3.42,95.38,1
29.42,79.09,2021,3,10,19.94,28.34,12.81,2.41,2.79,5.53,1.23,173.94,33.75,5.19,89.4,1
29.48,79.1,2021,3,10,19.94,28.34,12.81,2.41,2.79,5.53,1.23,173.94,33.75,5.19,89.4,0
29.42,79.09,2021,4,22,19.96,25.63,14.77,9.83,2.25,3.48,1.24,128.94,56.5,8.67,89.29,0
29.76,78.68,2021,4,21,19.96,26.65,14.23,10.12,4.48,7.98,1.12,140.5,56.12,8.97,87.24,0
29.42,79.09,2020,4,20,19.98,25.4,15.11,9.66,2.4,3.15,1.3,150.0,54.12,8.48,89.17,0
29.42,79.09,2021,3,11,20.01,28.23,12.12,2.67,2.55,3.99,0.8,122.38,34.75,5.19,89.5,1
29.37,79.02,2020,3,18,20.01,27.7,14.22,10.37,3.0,4.88,1.8,184.94,56.56,8.3,95.51,0
29.76,78.68,2020,4,29,20.02,24.57,15.4,12.69,2.04,3.59,0.48,197.62,64.0,10.56,87.35,0
29.42,79.09,2020,5,7,20.03,23.98,15.45,12.94,2.77,4.81,1.7,183.56,64.5,10.56,89.05,0
29.76,78.68,2021,3,22,20.04,27.27,13.55,3.65,2.32,4.37,1.06,157.44,36.06,5.68,87.57,0
29.42,79.09,2021,3,24,20.05,28.34,13.92,1.12,3.13,6.4,1.28,233.88,30.19,4.64,89.45,0
29.76,78.68,2019,4,16,20.06,23.45,16.49,10.43,2.55,7.75,0.28,135.0,55.19,9.16,87.41,0
29.42,79.09,2019,4,19,20.08,27.3,12.75,9.16,2.39,3.92,1.52,197.94,52.62,8.18,89.07,0
29.37,79.02,2019,3,11,20.11,28.69,10.97,4.56,2.93,4.15,0.7,127.62,39.81,5.68,95.53,0
29.42,79.09,2021,3,13,20.13,28.43,14.81,3.91,2.62,4.58,1.45,178.0,35.88,5.68,89.57,0
29.37,79.02,2019,3,16,20.18,28.57,12.64,5.77,2.29,3.23,0.55,200.25,41.94,6.04,95.62,0
29.42,79.09,2021,4,1,20.18,29.6,11.69,-12.24,5.65,10.7,2.01,299.75,10.62,1.59,88.32,0
29.76,78.68,2021,4,20,20.18,28.63,13.82,1.94,3.09,8.93,0.91,113.81,35.56,5.31,87.15,0
29.76,78.68,2020,4,19,20.19,25.7,14.58,9.34,2.15,3.58,1.11,132.12,51.69,8.42,87.28,0
29.76,78.68,2020,4,24,20.31,25.1,13.69,11.08,2.29,3.97,0.94,177.56,57.56,9.52,87.08,0
29.42,79.09,2020,4,7,20.32,28.02,14.13,6.94,3.79,7.08,1.77,259.31,45.0,7.02,89.06,0
29.76,78.68,2021,4,18,20.35,27.9,13.32,6.44,3.12,6.89,0.93,199.12,43.5,6.9,87.47,0
29.42,79.09,2020,3,31,20.37,28.18,14.79,8.23,2.58,4.87,0.82,188.12,48.81,7.75,89.22,0
29.76,78.68,2019,3,31,20.37,28.39,13.65,2.94,3.15,5.33,1.19,183.12,34.81,5.49,87.24,0
29.42,79.09,2021,4,23,20.38,28.36,12.62,7.23,2.5,3.59,0.57,116.06,46.62,7.2,89.21,0
29.76,78.68,2020,5,4,20.44,25.26,14.73,13.52,2.02,2.76,1.03,172.56,66.56,11.17,87.38,0
29.42,79.09,2021,3,19,20.47,27.64,14.98,0.21,1.93,2.89,0.37,250.38,26.94,4.33,89.24,1
29.37,79.02,2020,3,19,20.47,27.14,15.34,10.65,2.65,4.02,1.12,183.06,55.44,8.42,95.31,0
29.42,79.09,2019,3,28,20.47,28.24,14.98,6.87,2.18,4.2,0.73,147.88,43.5,6.96,89.34,0
29.42,79.09,2020,4,9,20.49,27.23,13.05,7.36,2.45,4.35,0.41,125.81,44.62,7.2,89.16,0
29.42,79.09,2020,4,23,20.51,26.65,15.36,10.89,2.23,4.44,0.58,121.69,56.5,9.28,89.01,0
29.76,78.68,2021,5,13,20.51,26.05,16.86,12.48,1.93,4.56,0.59,203.0,61.5,10.5,86.93,0
29.76,78.68,2020,4,11,20.51,28.05,13.13,8.43,3.34,6.56,0.96,208.06,48.69,7.93,87.62,0
29.55,79.1,2021,3,26,20.54,29.08,13.26,-0.38,2.59,5.2,0.59,190.38,26.75,4.21,89.12,1
29.42,79.09,2020,4,8,20.55,28.5,14.19,7.54,3.19,5.47,1.99,281.12,46.12,7.32,89.16,0
29.37,79.02,2019,3,18,20.56,28.64,13.12,5.81,2.78,4.0,1.8,173.62,40.88,6.04,95.47,0
29.42,79.09,2020,4,22,20.58,25.24,15.66,9.11,1.26,1.92,0.56,232.19,49.19,8.18,89.02,0
29.76,78.68,2019,4,20,20.58,27.19,14.38,8.94,2.36,4.52,1.05,173.94,49.06,8.24,87.1,0
29.42,79.09,2020,4,28,20.59,26.47,14.31,12.86,2.05,3.49,0.66,195.69,63.75,10.44,89.34,0
29.42,79.09,2021,3,18,20.6,29.67,13.86,0.18,3.37,6.77,1.56,186.56,27.75,4.33,89.26,1
29.76,78.68,2020,4,23,20.62,26.94,15.14,10.69,2.59,5.21,0.86,144.94,55.5,9.28,87.15,0
29.76,78.68,2020,4,17,20.63,25.3,15.2,8.3,1.83,4.45,0.59,116.19,47.19,7.93,87.28,0
29.76,78.68,2020,5,5,20.66,24.96,14.59,12.41,1.94,2.57,0.66,188.75,60.75,10.38,87.26,0
29.76,78.68,2021,3,31,20.66,29.73,12.6,-7.14,5.91,11.16,2.07,286.25,18.19,2.75,86.47,0
29.37,79.02,2019,3,17,20.67,28.4,15.02,5.86,2.33,3.81,0.7,146.88,40.25,6.04,95.51,0
29.42,79.09,2019,4,2,20.67,29.29,12.69,4.21,2.91,4.78,1.93,192.19,37.12,5.8,89.15,0
29.76,78.68,2020,4,18,20.67,26.55,14.83,10.1,2.32,3.67,1.0,143.31,52.94,8.85,87.39,0
29.76,78.68,2019,4,8,20.68,26.94,16.13,7.67,2.27,4.08,0.6,198.19,45.06,7.57,87.22,0
29.37,79.02,2019,3,12,20.72,28.48,15.44,7.48,3.31,4.86,1.55,176.56,45.19,6.77,95.55,0
29.76,78.68,2021,5,19,20.73,26.22,17.28,13.25,1.73,2.74,0.77,126.25,64.31,11.11,87.02,0
29.42,79.09,2020,4,26,20.79,25.99,15.86,12.52,2.31,3.37,1.28,98.5,61.31,10.25,89.2,0
29.44,79.05,2021,3,3,20.8,30.99,12.98,-0.47,3.48,7.38,1.62,181.31,27.0,3.91,95.21,1
29.42,79.09,2021,3,17,20.8,28.87,15.47,0.44,3.72,7.5,1.34,215.44,27.5,4.46,89.18,0
29.76,78.68,2021,4,4,20.8,29.23,11.28,-8.91,3.07,7.17,0.15,165.0,13.44,2.14,87.25,0
29.42,79.09,2020,5,4,20.81,26.02,14.83,14.71,1.88,2.55,1.08,152.94,69.81,11.9,89.19,0
29.76,78.68,2019,3,29,20.83,28.84,14.12,8.52,3.19,6.91,1.12,186.12,48.38,8.0,87.36,0
29.37,79.02,2020,3,26,20.84,26.3,17.14,12.1,3.75,6.5,1.47,308.81,58.75,9.28,95.3,0
29.42,79.09,2021,3,20,20.89,29.32,14.51,1.42,3.24,6.93,1.44,245.94,29.38,4.76,88.99,0
29.76,78.68,2020,5,6,20.89,25.12,15.8,11.78,2.17,3.77,0.62,162.38,57.5,9.95,87.24,0
29.76,78.68,2021,3,27,20.91,28.31,14.83,2.37,2.67,5.62,0.73,197.06,30.94,5.25,87.29,0
29.37,79.02,2020,4,3,20.92,29.5,13.62,6.76,3.23,5.21,2.15,272.31,44.62,6.53,95.27,0
29.37,79.02,2020,3,29,20.94,28.98,13.93,9.96,4.15,7.34,2.52,316.12,53.12,8.06,95.26,0
29.42,79.09,2020,4,10,20.94,28.01,15.08,9.08,2.71,4.55,1.5,213.94,48.56,8.12,89.31,0
29.76,78.68,2020,4,30,20.95,25.99,15.69,13.9,2.0,3.14,0.94,191.44,65.44,11.41,87.35,0
29.76,78.68,2019,4,9,20.95,28.48,12.76,6.87,2.69,5.7,0.53,204.5,43.0,7.14,87.19,0
29.37,79.02,2020,3,30,20.97,28.46,14.83,9.09,3.34,6.02,1.84,262.19,49.75,7.63,95.31,1
29.37,79.02,2019,3,19,21.04,28.62,15.51,6.38,3.2,4.82,1.38,204.31,40.69,6.29,95.17,0
29.42,79.09,2020,5,5,21.04,25.49,14.93,14.33,1.98,2.7,0.7,157.44,66.94,11.6,89.09,0
29.37,79.02,2020,3,28,21.05,28.0,15.49,12.85,2.99,5.26,0.77,312.19,62.31,9.77,95.49,0
29.37,79.02,2020,3,20,21.08,28.04,14.19,10.31,2.41,3.08,1.59,161.88,52.38,8.24,95.26,1
29.76,78.68,2019,3,30,21.08,29.12,14.2,5.85,2.8,4.62,1.09,172.0,41.31,6.71,87.35,0
29.37,79.02,2021,2,23,21.09,29.85,15.25,2.9,3.14,5.62,0.47,192.25,32.62,4.94,95.35,0
29.42,79.09,2021,4,21,21.11,26.65,15.88,11.01,4.16,6.73,1.51,118.12,54.75,9.34,89.13,0
29.42,79.09,2019,4,16,21.12,26.46,17.77,11.15,2.48,6.65,0.84,187.19,54.38,9.4,89.23,0
29.76,78.68,2021,3,28,21.12,28.57,14.14,5.18,3.08,6.24,0.23,180.69,36.88,6.35,87.16,0
29.42,79.09,2020,4,24,21.15,26.73,14.06,11.39,2.33,3.19,1.39,186.75,55.69,9.52,88.9,0
29.76,78.68,2021,4,17,21.17,28.17,14.47,7.58,4.14,7.8,1.11,212.5,44.5,7.51,87.42,0
29.42,79.09,2021,3,21,21.18,29.43,13.95,2.08,2.82,5.64,1.16,188.88,30.06,5.0,89.05,0
29.76,78.68,2019,4,3,21.2,28.93,13.16,4.46,2.76,5.49,0.36,163.0,35.75,6.1,87.29,0
29.42,79.09,2020,5,6,21.21,25.37,16.73,14.63,1.81,2.62,0.34,134.62,67.81,11.78,89.08,0
29.42,79.09,2020,4,29,21.25,25.86,16.84,13.71,1.86,3.56,0.36,201.75,63.06,11.05,89.16,0
29.37,79.02,2019,3,23,21.26,30.98,14.82,3.78,3.75,6.92,2.05,195.38,36.31,5.31,95.32,1
29.42,79.09,2021,5,13,21.26,26.87,16.83,14.26,2.04,4.2,0.23,160.19,66.56,11.54,88.77,0
29.76,78.68,2021,4,9,21.26,30.04,13.87,-6.11,3.16,6.67,1.55,212.62,17.31,2.75,87.3,0
29.76,78.68,2021,4,19,21.27,29.9,13.9,1.8,4.65,9.31,1.16,293.75,31.75,5.07,87.12,0
29.42,79.09,2019,4,1,21.3,29.47,14.58,3.4,2.85,5.02,0.98,158.38,33.44,5.49,89.04,0
29.42,79.09,2021,3,23,21.32,28.98,16.07,2.62,1.91,3.47,0.27,230.75,30.69,5.19,89.5,1
29.76,78.68,2020,5,11,21.4,25.68,15.6,12.89,2.15,3.76,0.48,173.31,60.0,10.68,87.43,0
29.76,78.68,2021,4,8,21.42,29.59,14.99,-1.67,3.13,6.0,1.59,184.06,23.38,3.91,87.26,0
29.42,79.09,2021,5,19,21.44,26.26,18.19,14.46,2.56,4.18,0.22,88.5,66.38,11.66,88.81,0
29.37,79.02,2019,3,22,21.46,29.8,15.07,5.1,3.72,6.45,2.24,244.56,37.94,5.8,95.43,1
29.42,79.09,2019,3,31,21.48,30.75,13.97,3.0,3.7,6.02,2.34,213.44,33.62,5.37,89.04,0
29.42,79.09,2021,3,22,21.52,29.73,13.98,2.25,2.85,5.0,1.83,183.19,30.44,5.0,89.4,1
29.37,79.02,2020,3,23,21.52,28.7,14.8,10.32,2.4,2.88,1.73,167.69,50.88,8.24,95.37,0
29.76,78.68,2021,4,6,21.58,28.15,15.12,3.01,2.98,5.22,1.01,122.31,30.81,5.49,87.37,0
29.37,79.02,2020,3,21,21.63,28.62,15.78,11.16,2.3,2.79,1.09,152.88,53.62,8.73,95.27,1
29.37,79.02,2021,2,28,21.63,30.07,15.67,4.03,3.36,5.03,2.6,233.94,34.25,5.37,95.09,1
29.76,78.68,2021,4,10,21.67,29.9,14.93,-5.92,3.07,6.17,0.8,228.44,16.25,2.75,87.44,0
29.37,79.02,2021,3,6,21.68,31.38,13.54,-1.24,3.27,5.74,2.02,220.81,24.81,3.72,95.13,1
29.42,79.09,2021,4,24,21.69,29.54,15.44,5.92,2.51,4.08,0.56,194.25,39.75,6.59,89.09,0
29.76,78.68,2019,4,7,21.69,28.81,15.92,9.03,3.01,5.3,0.89,190.06,46.94,8.3,87.19,0
29.37,79.02,2020,3,22,21.71,27.85,16.78,10.76,2.3,4.0,1.1,193.31,51.5,8.48,95.41,0
29.76,78.68,2020,5,31,21.76,27.34,17.48,14.81,3.12,5.26,1.2,131.62,67.69,12.21,87.24,0
29.42,79.09,2019,4,20,21.8,28.99,14.9,9.1,2.36,4.39,0.91,185.69,46.69,8.18,88.9,0
29.51,78.9,2021,2,24,21.81,31.28,15.26,0.9,3.82,6.75,1.85,196.69,27.56,4.27,95.22,1
29.37,79.02,2019,3,25,21.82,27.92,17.48,9.98,2.31,3.21,0.04,132.69,48.69,8.06,95.37,0
29.42,79.09,2019,4,8,21.83,28.76,16.61,8.8,2.34,4.17,0.76,218.69,45.81,8.0,89.04,0
29.42,79.09,2020,4,11,21.83,29.8,14.62,9.28,3.7,6.65,1.16,216.19,47.94,8.18,89.43,0
29.42,79.09,2020,4,19,21.87,28.8,15.69,10.12,2.42,3.52,1.09,122.75,50.12,8.73,89.1,0
29.76,78.68,2020,5,30,21.87,26.08,17.88,14.49,2.23,4.27,0.46,155.94,64.12,11.9,87.22,0
29.76,78.68,2021,3,29,21.87,29.62,14.73,4.46,3.2,6.52,1.23,171.94,34.88,6.04,87.08,0
29.76,78.68,2020,4,25,21.9,27.12,16.46,9.98,2.16,3.66,1.2,161.81,48.69,8.85,87.15,0
29.59,79.07,2021,4,4,21.92,30.47,11.92,-10.45,3.15,6.41,1.22,211.94,11.0,1.83,89.06,1
29.76,78.68,2021,5,21,21.93,27.73,16.82,11.67,2.0,3.95,0.53,179.38,54.81,9.89,87.06,0
29.76,78.68,2020,5,3,21.94,27.63,17.62,14.37,2.09,4.09,0.24,160.56,63.94,11.84,87.26,0
29.42,79.09,2019,4,9,21.98,30.42,13.29,7.12,2.91,5.67,1.09,205.38,42.0,7.14,88.99,0
29.76,78.68,2019,4,4,21.98,28.82,16.06,7.7,2.84,5.28,0.52,173.12,41.81,7.57,87.41,0
29.76,78.68,2019,4,21,21.99,28.83,14.87,8.67,2.84,4.96,0.55,200.62,45.31,8.12,87.0,0
29.76,78.68,2020,5,12,22.01,27.37,15.68,12.51,2.72,4.62,1.21,227.5,56.88,10.44,87.32,0
29.37,79.02,2021,3,4,22.05,31.08,15.85,-1.88,3.87,7.3,1.69,213.25,22.38,3.48,95.29,0
29.76,78.68,2021,4,25,22.05,30.41,12.99,2.76,2.51,4.78,0.71,168.31,31.81,5.43,87.31,0
29.76,78.68,2021,5,14,22.06,28.44,15.65,11.08,2.34,5.06,0.23,202.31,52.75,9.52,86.92,0
29.37,79.02,2019,3,26,22.07,30.26,15.43,8.47,3.46,5.89,1.78,219.88,45.19,7.26,95.42,0
29.42,79.09,2020,5,3,22.07,26.48,16.83,15.99,1.98,2.98,1.23,142.5,69.75,12.94,89.07,0
29.76,78.68,2020,5,1,22.13,26.39,18.06,14.68,2.17,4.62,0.69,210.25,63.56,12.02,87.21,0
29.42,79.09,2020,4,30,22.16,26.9,16.93,14.58,1.54,2.38,0.44,182.69,63.19,11.66,89.17,0
29.76,78.68,2021,4,5,22.19,30.48,15.57,0.08,3.37,7.09,1.41,138.0,24.62,4.52,87.35,0
29.76,78.68,2019,4,5,22.2,29.81,15.05,9.38,3.11,6.05,1.37,198.62,46.69,8.48,87.35,0
29.76,78.68,2020,5,13,22.23,28.08,16.81,12.73,2.02,4.43,0.12,196.69,56.44,10.62,87.19,0
29.55,79.1,2021,3,27,22.25,30.15,15.94,1.39,2.73,5.41,0.8,189.75,26.75,4.76,89.1,1
29.42,79.09,2021,3,31,22.25,31.18,14.4,-7.56,5.88,10.66,2.62,291.75,16.19,2.62,88.26,0
29.42,79.09,2019,3,29,22.26,30.44,15.54,9.01,3.26,6.36,0.87,186.44,45.81,8.12,89.16,0
29.42,79.09,2020,5,11,22.27,26.61,16.44,14.3,1.84,2.71,0.6,182.88,62.31,11.47,89.25,0
29.76,78.68,2021,3,30,22.27,30.84,15.48,-0.66,3.23,5.81,1.17,178.56,24.25,4.21,86.6,0
29.76,78.68,2020,4,12,22.29,28.98,16.3,10.59,2.6,5.29,0.46,189.94,49.06,9.34,87.39,0
29.76,78.68,2020,5,2,22.3,27.95,17.33,15.07,2.73,4.95,1.19,190.94,65.31,12.33,87.19,0
29.37,79.02,2019,3,20,22.31,30.35,14.33,7.01,2.61,3.71,0.55,108.12,40.38,6.65,95.19,0
29.37,79.02,2020,3,27,22.32,29.61,17.69,12.18,1.88,4.16,0.09,234.31,54.69,9.4,95.44,0
29.76,78.68,2021,4,7,22.32,30.26,16.18,1.52,3.12,5.88,0.4,186.5,26.81,4.88,87.4,0
29.4,78.92,2021,3,5,22.35,30.74,15.31,-1.62,5.49,8.3,3.09,278.94,21.81,3.54,95.11,1
29.37,79.02,2021,5,20,22.35,24.75,19.9,18.91,2.77,5.57,1.3,130.06,81.12,14.53,94.44,0
29.42,79.09,2021,4,20,22.38,31.69,15.71,1.55,3.28,6.56,0.64,226.88,29.69,5.07,88.94,0
29.76,78.68,2020,5,8,22.39,29.04,14.29,9.64,2.8,4.96,1.11,211.94,46.5,8.67,87.12,0
29.42,79.09,2020,5,1,22.44,26.08,18.54,15.57,1.62,3.29,0.17,186.62,65.94,12.45,89.03,0
29.37,79.02,2019,3,24,22.47,31.55,15.08,6.53,4.53,8.0,2.43,250.94,38.69,6.41,95.26,0
29.42,79.09,2019,4,3,22.51,30.52,14.42,4.31,2.63,5.15,0.77,155.25,33.38,5.92,89.1,0
29.37,79.02,2020,4,4,22.52,30.65,16.26,6.83,3.3,5.32,1.76,203.12,39.38,6.53,95.29,0
29.37,79.02,2021,2,27,22.52,30.1,16.98,7.92,3.38,5.93,2.29,213.06,41.19,7.02,94.86,0
29.37,79.02,2021,3,25,22.53,31.12,15.13,1.68,4.23,7.99,1.66,278.06,27.88,4.58,95.3,1
29.44,79.05,2021,3,12,22.53,31.6,16.88,2.88,2.45,5.66,0.55,177.44,29.62,4.94,95.76,1
29.37,79.02,2021,3,12,22.53,31.6,16.88,2.88,2.45,5.66,0.55,177.44,29.62,4.94,95.76,0
29.42,79.09,2021,5,21,22.53,28.69,16.56,13.75,2.04,3.48,0.69,196.44,62.12,11.23,88.83,0
29.55,79.1,2021,3,28,22.55,29.73,15.18,4.24,2.68,5.8,0.28,165.75,31.56,5.8,88.98,1
29.37,79.02,2021,2,25,22.55,31.85,15.15,1.75,4.28,7.31,2.13,202.0,27.75,4.58,95.05,0
29.37,79.02,2021,2,26,22.57,31.59,15.96,3.91,4.17,7.78,1.76,217.81,32.12,5.31,94.84,1
29.42,79.09,2019,3,30,22.58,31.41,15.06,5.88,3.35,5.96,1.91,183.38,39.31,6.65,89.14,0
29.37,79.02,2019,4,17,22.59,27.48,18.47,13.26,3.41,6.96,0.38,132.12,57.25,10.01,95.39,0
29.76,78.68,2019,4,6,22.59,29.55,15.15,9.91,3.02,6.12,1.12,194.31,47.0,8.79,87.29,0
29.42,79.09,2021,4,18,22.62,29.94,15.62,5.75,3.5,7.26,0.59,209.31,36.38,6.47,89.28,0
29.37,79.02,2020,4,2,22.65,30.41,16.0,9.46,3.73,6.78,1.62,269.69,46.25,7.81,95.09,0
29.76,78.68,2021,5,8,22.65,27.33,16.86,10.51,1.66,3.05,0.19,169.06,48.12,9.16,87.31,0
29.76,78.68,2021,5,9,22.66,28.63,16.05,11.01,3.06,5.65,1.28,199.44,50.56,9.46,87.14,0
29.37,79.02,2019,3,21,22.67,30.23,16.34,6.88,3.15,4.3,1.41,205.56,38.81,6.53,95.36,0
29.42,79.09,2020,5,31,22.68,28.01,18.11,16.0,3.07,5.12,1.12,110.38,68.44,12.88,89.07,0
29.76,78.68,2021,5,10,22.69,27.29,19.84,11.41,2.23,3.79,0.16,267.44,50.25,9.7,87.06,0
29.76,78.68,2020,4,16,22.69,29.49,15.96,8.61,2.9,5.14,0.32,197.5,43.56,8.06,87.23,0
29.76,78.68,2019,4,10,22.74,30.85,14.34,8.5,3.29,6.58,1.63,206.12,42.69,8.0,87.33,0
29.42,79.09,2020,4,18,22.75,29.48,17.15,10.4,2.37,3.7,0.66,164.12,48.0,8.85,89.19,0
29.42,79.09,2020,4,17,22.75,28.42,18.04,9.35,2.28,3.55,0.68,174.19,44.75,8.3,89.07,0
29.42,79.09,2021,4,19,22.78,31.54,14.31,2.19,4.95,8.72,2.17,297.38,30.31,5.13,88.93,0
29.42,79.09,2021,4,9,22.86,31.92,15.15,-7.75,3.03,6.1,1.88,193.5,13.5,2.32,89.13,0
29.37,79.02,2020,3,24,22.87,29.75,17.86,11.68,2.86,4.73,1.36,173.0,51.38,9.09,95.23,0
29.42,79.09,2019,4,4,22.88,29.98,15.84,6.83,2.48,4.19,0.66,166.88,37.75,6.96,89.24,0
29.42,79.09,2019,4,7,22.9,29.78,17.15,9.87,2.77,4.18,1.88,177.38,46.0,8.61,89.03,0
29.76,78.68,2021,5,7,22.9,29.23,16.99,9.87,2.49,4.35,0.72,176.31,46.06,8.79,87.45,0
29.49,78.82,2021,3,26,22.92,31.87,15.0,2.38,2.87,5.5,0.79,206.25,27.56,4.76,95.19,1
29.42,79.09,2020,4,25,22.92,28.96,17.58,10.49,1.93,3.22,0.84,132.5,47.88,9.03,88.99,0
29.42,79.09,2020,5,12,22.92,28.55,17.21,13.76,2.83,4.59,1.16,230.56,58.38,11.11,89.11,0
29.59,78.64,2021,3,26,22.92,31.87,15.0,2.38,2.87,5.5,0.79,206.25,27.56,4.76,95.19,0
29.76,78.68,2021,4,11,22.96,31.34,15.69,-4.26,3.35,7.35,0.7,201.06,17.31,3.17,87.47,0
29.76,78.68,2020,4,15,23.0,29.87,17.36,11.15,2.37,4.12,0.49,202.75,49.75,9.52,87.43,0
29.37,79.02,2019,3,27,23.01,32.19,14.99,6.7,2.84,4.77,0.89,187.06,38.19,6.47,95.48,0
29.76,78.68,2021,5,11,23.01,28.8,16.19,10.95,2.93,4.88,0.2,183.44,49.31,9.46,86.98,0
29.42,79.09,2020,5,13,23.02,28.61,17.66,13.94,2.4,3.84,1.51,250.25,58.25,11.23,88.99,0
29.37,79.02,2020,3,25,23.03,30.41,17.23,11.51,3.98,6.92,2.08,301.44,50.75,8.91,95.23,0
29.42,79.09,2021,4,10,23.07,31.64,16.26,-6.86,3.3,6.17,0.71,258.69,13.69,2.5,89.28,0
29.76,78.68,2021,5,22,23.09,29.49,16.5,10.37,2.35,4.59,0.37,170.0,47.31,9.09,87.02,0
29.37,79.02,2021,3,14,23.1,31.37,17.37,2.42,3.46,5.98,1.73,234.25,28.31,4.82,95.36,0
29.42,79.09,2021,5,14,23.11,29.87,16.59,12.33,2.38,5.23,0.31,203.31,54.19,10.13,88.73,0
29.76,78.68,2019,4,22,23.13,29.85,16.3,8.69,2.45,5.12,0.39,184.25,41.81,8.12,87.04,0
29.37,79.02,2019,4,18,23.14,28.98,17.2,12.61,2.34,3.91,1.36,131.12,56.06,9.7,95.36,0
29.76,78.68,2020,5,9,23.15,29.97,15.88,11.8,2.72,4.92,0.86,194.12,51.0,10.01,87.25,0
29.42,79.09,2021,4,8,23.19,31.58,16.4,-2.97,3.17,6.01,1.59,191.38,18.94,3.48,89.1,0
29.42,79.09,2021,4,17,23.19,30.05,16.65,7.07,3.63,6.64,1.61,212.56,37.19,7.08,89.26,0
29.42,79.09,2019,4,21,23.19,30.13,15.77,8.8,2.75,4.48,1.32,200.31,42.56,8.0,88.82,0
29.37,79.02,2020,3,31,23.21,32.32,15.74,10.28,3.35,5.17,1.45,203.25,48.06,8.3,95.21,0
29.42,79.09,2020,5,30,23.21,27.89,17.8,15.12,1.92,3.41,0.62,137.19,62.19,12.08,89.03,0
29.76,78.68,2021,4,12,23.21,30.99,17.31,0.94,4.16,9.48,0.53,217.38,23.88,4.7,87.51,0
29.59,79.07,2021,3,29,23.22,31.5,15.9,3.66,3.44,7.18,1.16,182.38,30.31,5.62,88.87,1
29.76,78.68,2020,4,14,23.22,29.47,17.88,12.63,2.24,3.84,1.34,167.69,53.44,10.5,87.42,0
29.42,79.09,2020,5,2,23.23,28.65,17.56,15.8,2.31,3.94,1.34,196.25,64.56,12.63,89.0,0
29.76,78.68,2019,4,11,23.23,30.7,16.05,6.27,2.97,5.65,0.7,185.19,36.56,6.9,87.31,0
29.76,78.68,2019,4,13,23.26,30.9,15.96,9.19,3.27,6.08,0.82,177.19,44.44,8.36,87.34,0
29.42,79.09,2020,5,29,23.28,28.22,18.4,15.76,2.31,2.88,1.37,121.5,64.38,12.7,88.91,0
29.76,78.68,2021,5,23,23.29,30.75,16.89,10.57,2.43,5.23,0.04,190.0,47.38,9.22,87.05,0
29.37,79.02,2021,3,15,23.3,32.03,16.16,2.71,3.59,6.16,2.26,204.56,27.62,4.88,95.27,0
29.37,79.02,2021,3,8,23.31,31.19,17.62,4.03,3.73,5.97,1.7,78.62,31.06,5.43,95.34,0
29.42,79.09,2021,4,25,23.31,32.71,14.55,4.38,2.68,5.02,0.74,170.12,33.69,5.92,89.1,0
29.76,78.68,2021,5,6,23.36,28.48,18.11,10.42,2.27,4.33,0.63,198.56,45.38,9.09,87.3,0
29.76,78.68,2020,5,29,23.37,29.42,16.95,13.8,2.66,4.03,1.15,149.25,57.44,11.41,87.07,0
29.42,79.09,2020,4,12,23.41,30.69,16.69,11.24,2.74,4.65,1.14,235.38,48.44,9.46,89.18,0
29.76,78.68,2019,5,4,23.42,31.65,15.37,1.76,3.27,6.52,0.95,190.0,28.44,5.13,87.2,0
29.37,79.02,2021,3,7,23.44,32.03,16.58,-0.53,2.63,3.55,0.84,105.94,22.12,3.91,95.19,0
29.42,79.09,2020,5,8,23.46,29.49,17.14,10.98,2.62,4.99,0.58,287.94,46.94,9.28,88.94,0
29.37,79.02,2020,4,5,23.47,31.51,16.69,7.88,3.17,5.08,1.82,167.44,39.81,7.02,95.37,0
29.76,78.68,2020,5,14,23.48,29.94,17.55,13.27,2.69,5.26,0.57,203.5,54.69,10.99,87.21,0
29.76,78.68,2019,5,18,23.48,30.23,17.51,9.87,2.85,5.3,0.55,178.69,44.81,8.85,87.05,0
29.76,78.68,2019,4,12,23.49,31.23,16.65,7.97,2.84,5.72,0.96,179.94,39.75,7.81,87.32,0
29.37,79.02,2020,4,27,23.51,28.33,19.79,15.69,3.21,5.93,1.04,102.44,62.5,11.72,95.47,0
29.42,79.09,2019,4,5,23.51,31.26,15.57,8.9,2.75,5.35,1.16,184.25,41.88,8.06,89.18,0
29.76,78.68,2021,5,24,23.53,30.06,17.29,10.45,2.86,5.2,1.36,212.56,45.62,9.16,86.97,0
29.58,78.97,2021,4,2,23.55,33.23,15.98,-10.77,3.81,7.3,1.75,284.62,9.62,1.65,94.69,1
29.76,78.68,2020,5,28,23.55,28.51,18.78,12.55,4.1,6.64,1.73,86.62,51.69,10.56,86.94,0
29.76,78.68,2021,5,15,23.57,30.62,16.19,9.19,2.99,5.52,0.59,205.44,42.62,8.36,87.08,0
29.59,79.07,2021,3,30,23.61,32.62,15.84,-0.93,3.38,6.01,1.34,179.69,22.0,4.03,88.4,1
29.42,79.09,2021,5,10,23.62,28.26,20.91,12.4,2.11,4.02,0.41,260.12,50.19,10.19,88.88,0
29.42,79.09,2019,4,10,23.63,32.01,15.58,8.49,3.11,5.78,1.78,222.5,40.94,7.81,89.14,0
29.76,78.68,2019,5,5,23.68,32.32,16.37,-0.24,3.86,8.44,1.4,215.5,23.81,4.39,87.16,0
29.77,78.71,2021,5,2,23.7,28.51,18.39,9.76,2.36,3.49,0.77,152.62,42.94,8.73,87.33,1
29.44,79.05,2021,3,16,23.71,32.48,16.8,3.7,3.94,7.39,1.95,243.12,29.06,5.25,95.26,1
29.76,78.68,2021,4,26,23.73,31.8,16.42,3.05,3.03,5.92,0.34,184.5,28.12,5.49,87.25,1
29.76,78.68,2020,5,10,23.73,29.22,18.23,13.39,2.4,5.2,0.6,252.81,53.88,11.11,87.32,0
29.76,78.68,2020,4,13,23.74,30.4,17.94,12.33,2.47,4.29,0.8,178.12,50.94,10.31,87.29,0
29.76,78.68,2021,4,13,23.79,32.11,16.4,-0.25,3.91,8.2,1.31,281.81,22.81,4.39,87.32,0
29.76,78.68,2021,5,29,23.86,28.99,19.67,16.8,2.84,5.42,0.91,179.0,66.0,13.85,87.06,0
29.76,78.68,2019,5,3,23.89,31.42,17.62,7.63,3.01,4.48,1.68,170.75,38.19,7.57,87.19,0
29.42,79.09,2021,5,8,23.94,28.74,17.89,10.98,1.83,3.01,0.66,165.44,46.0,9.22,89.15,0
29.42,79.09,2020,4,16,23.94,31.59,16.9,9.84,3.15,5.66,1.07,222.69,43.5,8.54,89.02,0
29.42,79.09,2020,5,9,23.98,30.13,16.9,13.49,2.01,3.46,0.61,168.5,53.5,10.93,89.06,0
29.37,79.02,2021,4,3,24.01,33.63,15.52,-11.81,3.84,6.6,2.44,226.25,8.5,1.46,94.99,1
29.42,79.09,2019,4,6,24.01,30.44,17.4,10.24,2.58,5.4,1.02,185.44,43.69,8.79,89.12,0
29.42,79.09,2020,4,15,24.03,31.87,18.01,11.3,2.51,4.59,0.67,191.94,47.69,9.4,89.24,0
29.42,79.09,2021,5,22,24.03,30.8,17.6,11.55,2.56,4.64,1.12,168.94,48.5,9.64,88.81,0
29.76,78.68,2021,5,12,24.04,30.26,19.4,10.0,2.77,5.62,0.16,225.69,43.25,8.91,86.8,0
29.42,79.09,2021,4,11,24.06,33.01,16.44,-5.76,3.56,7.09,1.69,230.75,14.12,2.75,89.3,0
29.76,78.68,2021,5,18,24.06,29.63,19.76,9.33,2.73,5.76,0.95,192.69,40.62,8.54,87.19,0
29.76,78.68,2019,4,14,24.07,32.33,17.56,6.43,3.44,7.73,0.8,196.56,36.56,7.02,87.31,0
29.44,79.05,2021,3,9,24.08,32.44,16.44,3.59,2.63,3.46,1.31,158.94,28.5,5.19,95.4,1
29.54,78.85,2021,4,1,24.08,33.94,13.97,-9.95,6.56,11.56,2.76,304.81,10.56,1.83,94.29,1
29.37,79.02,2019,3,28,24.08,30.93,18.37,8.38,2.59,5.07,0.56,179.69,38.69,7.26,95.34,0
29.58,78.97,2021,3,9,24.08,32.44,16.44,3.59,2.63,3.46,1.31,158.94,28.5,5.19,95.4,0
29.37,79.02,2021,3,13,24.11,32.68,17.75,5.76,2.49,4.25,0.92,174.38,32.44,6.04,95.66,0
29.42,79.09,2021,5,11,24.11,29.62,17.54,11.66,2.26,3.5,0.79,177.94,47.94,9.7,88.8,0
29.44,79.05,2021,3,10,24.12,32.03,17.07,4.75,2.9,4.66,1.73,194.88,29.88,5.68,95.38,1
29.37,79.02,2021,3,10,24.12,32.03,17.07,4.75,2.9,4.66,1.73,194.88,29.88,5.68,95.38,0
29.42,79.09,2019,4,11,24.12,32.44,16.46,7.38,3.32,6.27,1.02,200.38,38.06,7.26,89.11,0
29.76,78.68,2019,4,23,24.12,31.12,16.24,9.7,3.04,5.32,1.13,172.94,42.25,8.67,87.21,0
29.42,79.09,2021,5,23,24.13,31.75,17.89,11.51,2.64,5.01,1.12,197.06,48.0,9.58,88.85,0
29.37,79.02,2020,4,1,24.14,31.81,17.45,10.2,3.68,4.7,2.68,213.25,44.5,8.24,95.16,0
29.42,79.09,2020,5,14,24.14,30.9,17.62,14.53,2.6,4.65,1.57,222.94,57.19,11.66,88.99,0
29.42,79.09,2021,5,24,24.15,31.06,17.05,11.69,2.98,5.05,1.75,262.56,48.12,9.7,88.76,0
29.42,79.09,2020,5,10,24.16,28.9,19.59,15.54,1.81,3.14,0.47,149.19,59.88,12.51,89.13,0
29.76,78.68,2021,5,30,24.17,29.9,18.63,16.84,2.45,5.34,0.47,201.94,66.0,13.85,86.97,0
29.42,79.09,2021,5,9,24.18,29.98,17.69,11.5,2.62,4.9,1.19,187.88,47.62,9.58,88.97,0
29.37,79.02,2020,4,7,24.23,32.64,17.16,8.81,4.48,8.59,1.68,238.31,40.62,7.51,95.01,0
29.42,79.09,2019,4,22,24.25,31.04,17.08,8.81,2.24,4.53,0.39,155.38,39.56,8.06,88.87,0
29.76,78.68,2019,5,14,24.25,30.58,18.22,10.52,2.34,5.34,0.32,224.81,43.62,9.16,87.03,0
29.42,79.09,2019,4,23,24.26,31.63,17.19,10.79,2.73,3.94,1.78,143.19,45.25,9.09,89.05,0
29.76,78.68,2021,4,30,24.26,32.4,15.41,8.2,3.08,5.91,1.48,178.81,39.88,7.87,87.29,0
29.37,79.02,2020,4,6,24.3,32.23,18.0,8.43,4.41,6.65,2.48,246.94,39.06,7.26,95.21,0
29.42,79.09,2021,4,7,24.3,32.41,18.23,0.21,3.16,4.94,2.2,179.19,21.69,4.33,89.21,0
29.42,79.09,2021,5,6,24.35,29.98,17.47,10.89,2.19,3.88,0.28,160.5,44.62,9.16,89.13,0
29.76,78.68,2020,5,16,24.35,31.39,18.15,9.68,2.89,5.41,1.12,208.12,41.38,8.67,86.98,0
29.59,79.07,2021,4,5,24.36,32.24,16.2,-4.45,3.04,6.23,0.41,136.31,14.75,3.11,89.16,1
29.55,79.1,2019,4,13,24.39,32.82,16.74,9.15,3.56,6.13,1.63,200.69,42.12,8.18,89.13,1
29.77,78.71,2021,5,3,24.4,30.44,17.98,8.71,2.42,5.31,0.36,184.94,39.0,8.12,87.14,1
29.42,79.09,2021,5,18,24.4,28.88,20.69,10.73,2.09,4.27,0.39,192.62,43.75,9.22,88.99,0
29.76,78.68,2021,5,5,24.45,29.99,20.12,9.4,2.27,5.09,0.2,189.25,40.25,8.48,87.18,0
29.47,79.01,2021,3,24,24.46,32.37,18.26,3.37,3.24,5.81,1.24,246.69,27.19,5.13,95.45,1
29.77,78.71,2021,5,1,24.46,30.78,17.58,8.3,2.57,5.2,0.23,174.38,38.0,7.87,87.29,1
29.42,79.09,2021,5,7,24.48,30.83,18.43,10.69,2.41,4.24,0.91,184.38,44.12,9.09,89.27,0
29.42,79.09,2020,4,14,24.53,30.4,18.75,12.62,1.96,3.31,1.21,153.62,49.06,10.25,89.25,0
29.37,79.02,2020,4,20,24.54,29.58,20.44,11.4,2.61,5.23,0.27,155.19,45.5,8.91,95.12,0
29.42,79.09,2019,4,12,24.54,33.08,16.68,7.9,3.09,5.91,1.44,192.25,37.88,7.57,89.13,0
29.42,79.09,2021,5,29,24.57,29.91,20.15,18.2,2.51,5.41,0.84,173.19,69.5,14.83,88.87,0
29.76,78.68,2020,5,20,24.57,32.75,15.55,4.73,2.84,5.44,0.33,174.38,31.38,6.29,86.66,0
29.76,78.68,2020,5,19,24.58,32.24,18.03,4.23,3.07,6.63,0.73,227.94,29.75,6.04,86.8,0
29.76,78.68,2021,4,27,24.59,32.77,16.02,5.89,3.33,6.45,1.02,201.06,32.88,6.71,87.2,1
29.37,79.02,2019,4,19,24.59,31.65,17.35,10.43,2.8,3.98,2.21,213.56,43.56,8.3,95.11,0
29.37,79.02,2020,4,9,24.59,32.13,17.8,8.91,2.11,3.05,0.63,150.0,39.5,7.51,95.16,0
29.76,78.68,2020,5,15,24.59,32.44,17.83,9.03,3.39,6.91,0.91,191.94,40.5,8.36,87.09,0
29.42,79.09,2020,5,28,24.61,29.46,19.93,13.47,3.0,4.28,1.77,70.44,51.19,10.99,88.74,0
29.37,79.02,2021,4,23,24.62,32.05,17.95,8.55,3.13,5.18,0.54,91.56,38.88,7.39,95.09,0
29.42,79.09,2019,5,4,24.62,33.07,16.78,2.98,3.55,6.1,1.48,187.94,29.44,5.49,89.0,0
29.42,79.09,2021,4,6,24.63,31.57,18.67,-3.3,2.41,3.84,0.82,142.0,16.5,3.36,89.17,0
29.37,79.02,2021,4,22,24.65,30.57,18.71,10.65,2.09,3.47,0.68,125.5,45.25,8.61,95.26,0
29.42,79.09,2021,5,5,24.66,30.94,19.48,11.12,2.26,4.14,1.35,141.5,45.19,9.4,89.02,0
29.37,79.02,2021,3,17,24.69,33.22,18.26,3.07,3.99,7.52,1.6,223.38,26.31,5.0,95.15,0
29.48,79.1,2021,5,2,24.7,30.2,20.0,10.03,2.24,3.16,0.98,146.94,41.12,8.67,89.19,1
29.44,79.05,2021,3,20,24.71,33.24,17.38,3.85,3.52,6.6,1.6,252.62,27.56,5.31,94.99,1
29.37,79.02,2021,3,20,24.71,33.24,17.38,3.85,3.52,6.6,1.6,252.62,27.56,5.31,94.99,0
29.44,79.05,2021,3,11,24.72,32.59,16.53,4.49,2.23,3.5,0.31,131.44,29.38,5.55,95.48,1
29.42,79.09,2019,5,5,24.72,33.43,17.51,0.81,3.73,7.12,1.79,262.0,24.56,4.64,88.96,0
29.76,78.68,2019,5,19,24.72,31.4,17.81,9.55,2.98,6.45,0.49,202.38,40.75,8.54,87.14,0
29.42,79.09,2021,5,12,24.73,30.69,19.1,11.58,2.23,4.2,0.13,196.19,46.5,9.7,88.63,0
29.37,79.02,2019,4,1,24.75,33.84,18.01,4.33,2.82,5.18,1.09,205.75,29.44,5.49,95.01,0
29.42,79.09,2021,4,12,24.75,32.43,18.13,1.01,4.18,8.91,1.02,256.69,21.69,4.64,89.33,0
29.42,79.09,2019,5,18,24.76,31.5,19.22,10.83,2.48,4.49,0.62,175.69,44.5,9.22,88.86,0
29.76,78.68,2021,5,16,24.77,32.66,16.07,7.65,2.61,5.45,0.23,169.62,37.25,7.57,87.2,0
29.42,79.09,2020,5,16,24.8,32.19,18.77,11.21,2.96,4.84,1.91,219.44,44.75,9.46,88.75,0
29.42,79.09,2020,4,13,24.8,31.53,18.94,12.66,2.33,3.52,1.34,171.56,48.81,10.31,89.12,0
29.76,78.68,2020,5,18,24.8,31.83,19.13,7.3,3.06,6.32,1.19,199.12,35.19,7.45,86.87,0
29.76,78.68,2021,5,4,24.8,31.19,17.58,8.87,2.5,5.48,0.3,186.75,38.44,8.24,87.06,0
29.76,78.68,2019,5,25,24.81,31.29,19.65,9.73,3.67,7.3,0.5,249.62,41.44,8.73,86.94,1
29.76,78.68,2021,4,16,24.81,32.61,19.11,1.15,3.08,7.12,1.1,266.88,22.81,4.76,87.19,0
29.42,79.09,2021,4,26,24.83,33.63,16.83,2.97,3.27,5.66,1.74,196.38,27.25,5.37,89.05,0
29.37,79.02,2020,4,8,24.84,32.81,18.64,8.98,3.64,5.79,2.55,215.38,39.12,7.57,95.09,0
29.37,79.02,2019,4,2,24.87,33.94,16.52,4.87,3.28,4.34,2.65,190.44,30.25,5.68,95.16,0
29.76,78.68,2021,5,31,24.89,30.94,19.3,15.55,2.68,5.22,0.41,214.75,58.56,12.82,86.73,0
29.42,79.09,2021,5,15,24.94,32.4,17.61,9.94,3.08,5.37,1.63,198.31,41.81,8.61,88.88,0
29.76,78.68,2020,5,17,24.95,31.11,19.04,8.65,2.53,5.2,0.8,187.94,38.12,8.18,86.95,0
29.76,78.68,2021,4,15,24.96,32.64,18.87,3.42,4.27,9.3,1.32,275.06,26.12,5.62,87.19,0
29.37,79.02,2021,3,18,24.97,33.84,18.21,2.34,3.29,5.88,1.59,186.06,24.44,4.76,95.22,1
29.42,79.09,2021,4,13,24.98,33.45,17.1,0.17,4.06,7.71,1.9,287.56,22.06,4.39,89.14,0
29.42,79.09,2019,4,14,24.98,34.23,17.18,6.68,3.91,7.61,2.1,210.38,36.56,7.02,89.09,0
29.76,78.68,2019,5,6,24.98,33.13,18.06,-0.63,4.51,8.73,1.36,284.81,21.0,4.27,86.99,0
29.76,78.68,2021,5,25,25.01,32.38,17.45,7.56,2.34,4.52,0.98,254.94,35.75,7.57,86.77,0
29.76,78.68,2021,5,28,25.03,31.73,18.08,9.87,2.38,4.34,0.77,165.25,40.62,8.91,86.9,0
29.42,79.09,2020,5,19,25.06,32.98,18.84,6.51,2.89,4.84,1.69,252.88,33.56,6.96,88.59,0
29.76,78.68,2019,5,17,25.08,31.03,19.81,10.49,2.45,5.44,0.16,216.31,41.94,9.16,87.17,0
29.37,79.02,2020,4,21,25.11,30.44,20.23,12.41,2.37,3.3,1.41,207.5,46.94,9.52,95.1,0
29.42,79.09,2021,5,30,25.15,30.99,19.3,17.78,2.22,4.59,0.6,198.44,66.44,14.4,88.76,0
29.76,78.68,2021,4,14,25.15,32.87,19.03,2.56,3.81,9.3,0.7,218.75,24.88,5.31,87.23,0
29.76,78.68,2021,5,17,25.15,32.06,17.93,6.32,2.67,4.23,1.15,181.12,33.69,7.02,87.24,0
29.37,79.02,2021,3,19,25.16,33.86,18.8,2.7,2.41,4.6,0.49,245.5,25.25,4.88,95.19,0
29.76,78.68,2019,4,15,25.16,32.64,18.44,5.67,2.95,6.52,0.46,176.0,31.81,6.65,87.21,0
29.42,79.09,2020,5,15,25.17,33.38,18.34,11.88,3.61,6.79,2.14,297.31,46.88,9.83,88.86,0
29.76,78.68,2021,4,29,25.17,32.38,18.3,7.89,3.28,6.38,0.98,183.12,35.75,7.69,87.33,0
29.76,78.68,2019,5,2,25.21,32.81,17.75,6.95,2.91,4.18,0.59,134.75,34.56,7.26,87.03,0
29.42,79.09,2021,5,4,25.22,32.05,18.37,9.89,2.48,4.71,1.15,141.69,40.81,8.67,88.88,1
29.42,79.09,2020,5,20,25.3,33.12,17.15,6.65,2.44,4.46,0.49,191.69,33.19,7.02,88.45,0
29.42,79.09,2019,5,3,25.3,32.67,19.16,9.71,2.55,4.17,0.67,164.25,39.81,8.48,88.97,0
29.44,79.05,2021,4,24,25.3,33.56,18.17,6.56,3.05,4.97,2.27,215.56,33.81,6.47,95.05,0
29.44,79.05,2021,3,21,25.32,33.74,17.3,3.37,2.78,4.88,1.01,204.06,25.94,5.13,95.02,1
29.37,79.02,2021,3,23,25.33,33.14,20.27,4.97,2.11,2.92,0.5,178.31,28.5,5.74,95.45,1
29.37,79.02,2020,4,10,25.33,32.04,19.87,10.44,3.09,5.17,1.52,224.0,41.06,8.36,95.27,0
29.76,78.68,2019,4,26,25.34,33.06,18.53,8.19,3.63,6.5,1.66,200.62,36.25,7.81,87.27,0
29.76,78.68,2019,4,24,25.37,32.49,18.76,9.76,3.11,6.59,0.85,184.75,39.38,8.67,87.37,0
29.76,78.68,2021,4,28,25.38,33.23,17.14,7.05,3.23,6.37,1.08,173.62,34.19,7.26,87.33,0
29.76,78.68,2019,5,16,25.38,33.01,17.85,9.86,3.07,6.59,1.06,187.69,40.19,8.79,87.22,0
29.42,79.09,2019,5,6,25.39,34.29,17.05,1.08,4.73,8.32,2.34,289.69,23.94,4.76,88.78,0
29.37,79.02,2019,4,16,25.4,29.9,22.41,12.39,3.38,9.53,1.67,196.81,45.19,9.52,95.17,0
29.42,79.09,2020,5,17,25.43,32.55,18.66,10.32,2.78,4.66,1.93,294.38,41.44,8.91,88.73,0
29.42,79.09,2021,4,30,25.5,33.14,16.81,8.9,2.79,4.39,1.32,163.88,38.5,8.06,89.12,0
29.76,78.68,2019,5,7,25.62,33.99,17.56,0.07,4.34,8.61,1.7,190.31,21.5,4.52,86.95,1
29.37,79.02,2020,4,28,25.62,31.84,18.83,14.23,2.2,3.3,1.3,205.56,51.75,10.68,95.36,0
29.42,79.09,2019,5,19,25.65,32.97,18.19,10.58,3.12,6.08,1.16,279.31,41.88,9.03,88.94,0
29.76,78.68,2019,4,27,25.65,34.85,18.09,2.94,3.56,8.04,0.46,169.88,27.44,5.55,87.08,0
29.42,79.09,2021,5,3,25.69,31.14,21.15,9.57,2.18,4.73,0.34,166.94,37.56,8.42,88.97,1
29.76,78.68,2019,4,25,25.72,33.07,18.83,8.56,3.19,6.23,1.34,171.12,36.75,8.06,87.41,0
29.42,79.09,2020,5,18,25.73,32.55,20.3,9.56,3.0,5.28,1.2,216.5,38.25,8.48,88.68,0
29.76,78.68,2019,4,28,25.73,34.24,18.62,1.37,2.95,6.01,0.94,185.25,22.88,4.94,87.03,0
29.76,78.68,2019,5,12,25.73,32.78,19.64,6.66,3.54,7.88,0.31,199.81,31.5,7.02,87.05,0
29.37,79.02,2021,4,21,25.75,31.35,20.99,12.09,5.48,9.32,0.51,138.25,44.0,9.4,94.99,0
29.53,79.05,2021,3,27,25.76,34.18,18.58,3.31,2.77,4.45,1.02,189.5,25.12,5.07,95.09,1
29.42,79.09,2021,5,31,25.8,31.39,20.34,16.55,2.54,4.84,0.8,224.44,58.81,13.37,88.52,0
29.76,78.68,2021,5,26,25.8,32.63,19.08,5.94,2.35,4.52,0.4,183.25,30.44,6.84,86.66,0
29.42,79.09,2019,5,15,25.83,33.46,17.87,10.13,2.98,5.45,0.82,196.31,41.25,8.79,88.99,1
29.42,79.09,2019,5,14,25.83,32.83,19.42,11.37,2.47,5.55,0.41,177.19,43.0,9.52,88.83,0
29.55,79.1,2019,5,15,25.83,33.46,17.87,10.13,2.98,5.45,0.82,196.31,41.25,8.79,88.99,0
29.37,79.02,2019,3,31,25.85,35.09,18.75,3.83,4.06,6.0,2.56,218.31,27.06,5.31,94.96,0
29.37,79.02,2020,5,7,25.86,31.47,20.42,14.66,2.64,3.56,1.96,204.94,51.69,11.05,94.98,0
29.42,79.09,2019,4,15,25.86,34.69,18.23,6.23,3.29,6.27,1.55,219.94,32.94,6.77,89.0,0
29.44,79.05,2021,3,22,25.9,34.3,18.68,3.74,2.57,3.9,0.67,147.12,25.94,5.25,95.33,1
29.37,79.02,2021,3,22,25.9,34.3,18.68,3.74,2.57,3.9,0.67,147.12,25.94,5.25,95.33,0
29.42,79.09,2019,4,24,25.91,33.16,18.74,10.88,2.45,4.98,0.09,157.75,41.25,9.16,89.2,0
29.37,79.02,2019,3,29,25.94,34.83,18.59,10.2,3.4,6.55,1.11,192.31,39.94,8.18,95.08,0
29.37,79.02,2021,5,19,25.94,33.06,21.27,15.08,2.33,4.16,0.39,95.19,54.5,11.54,94.68,0
29.42,79.09,2021,5,28,25.94,32.86,19.18,11.55,1.97,3.97,0.6,146.62,43.38,9.83,88.69,0
29.42,79.09,2021,5,16,25.96,34.3,16.91,7.87,2.66,5.35,0.38,174.12,35.81,7.57,89.0,0
29.76,78.68,2021,5,27,25.96,32.97,19.2,7.52,2.6,4.71,0.66,164.31,33.44,7.57,86.7,0
29.76,78.68,2019,5,20,26.0,33.37,18.87,7.34,3.3,6.49,1.51,210.19,32.81,7.39,87.24,0
29.42,79.09,2021,4,27,26.02,34.3,17.91,5.52,3.1,5.34,1.24,202.31,29.81,6.47,89.03,0
29.63,78.81,2021,4,4,26.08,35.09,16.89,-8.61,3.55,7.07,1.44,195.62,9.94,2.01,95.05,1
29.76,78.68,2020,5,21,26.1,34.52,17.01,6.3,3.34,6.35,0.67,191.75,30.81,6.96,86.63,0
29.42,79.09,2021,5,25,26.12,33.19,18.11,10.44,1.87,2.69,0.59,231.25,39.75,8.97,88.57,0
29.42,79.09,2021,4,15,26.15,34.01,18.87,3.31,4.33,8.27,1.89,287.5,24.5,5.43,89.01,0
29.48,79.1,2021,5,1,26.16,32.84,19.61,8.51,2.58,5.76,0.27,182.31,34.88,7.87,89.1,1
29.37,79.02,2020,4,26,26.19,31.53,21.97,14.13,3.21,4.83,2.48,115.56,49.69,10.68,95.11,0
29.42,79.09,2019,5,17,26.19,33.19,20.07,11.08,3.0,6.55,1.4,276.19,42.19,9.34,88.98,0
29.42,79.09,2021,4,16,26.24,34.5,20.05,1.02,3.42,7.22,1.73,287.38,20.69,4.64,89.0,0
29.42,79.09,2021,4,14,26.24,34.37,19.47,2.54,3.73,8.21,0.42,232.69,23.56,5.19,89.07,0
29.37,79.02,2019,4,20,26.26,33.71,19.14,10.02,2.53,3.94,1.17,200.19,38.19,8.12,94.86,0
29.42,79.09,2019,5,25,26.3,33.39,19.87,9.92,4.32,8.04,1.87,294.56,39.31,8.73,88.71,1
29.76,78.68,2019,5,13,26.3,32.98,19.91,7.53,2.72,6.13,0.87,221.88,32.19,7.51,86.99,0
29.76,78.68,2019,4,30,26.32,34.62,16.98,2.58,3.2,5.72,1.05,140.0,24.06,5.43,86.96,0
29.76,78.68,2019,5,26,26.33,34.34,18.4,7.3,3.11,6.34,0.73,219.06,32.69,7.39,86.87,0
29.76,78.68,2019,4,29,26.34,34.55,19.37,0.11,2.77,5.12,1.3,179.94,20.75,4.52,87.04,0
29.77,78.71,2019,5,8,26.35,35.06,18.15,0.78,4.44,8.65,1.79,199.88,21.81,4.7,86.94,1
29.37,79.02,2019,4,8,26.37,33.33,21.3,10.04,2.42,3.36,1.73,215.94,38.12,8.18,94.98,0
29.37,79.02,2020,4,22,26.41,32.79,19.91,10.43,2.03,3.34,0.66,278.44,38.81,8.36,94.97,0
29.76,78.68,2019,5,24,26.44,33.58,20.17,11.4,2.98,5.71,0.11,202.5,40.81,9.77,87.08,0
29.76,78.68,2019,5,1,26.44,34.29,19.53,5.98,3.4,6.09,1.51,131.88,29.88,6.77,86.88,0
29.42,79.09,2019,4,25,26.46,34.32,18.77,9.89,3.2,6.25,0.95,180.88,38.69,8.61,89.2,0
29.37,79.02,2021,3,31,26.48,35.43,17.87,-5.83,7.31,12.11,3.06,299.81,15.31,2.93,94.19,0
29.42,79.09,2019,5,16,26.48,34.53,18.77,10.98,3.19,6.12,1.74,232.94,41.44,9.34,89.03,0
29.42,79.09,2019,5,2,26.5,34.05,18.83,8.09,2.96,5.12,0.21,111.12,34.5,7.69,88.82,0
29.42,79.09,2019,4,26,26.51,34.92,19.22,8.99,3.7,6.69,1.73,199.94,36.62,8.12,89.05,1
29.42,79.09,2019,5,7,26.51,35.3,18.59,0.7,4.73,8.62,2.15,225.31,22.12,4.64,88.73,0
29.42,79.09,2020,5,21,26.51,34.39,17.9,8.19,2.9,5.24,0.27,187.38,33.62,7.75,88.4,0
29.48,79.1,2019,4,26,26.51,34.92,19.22,8.99,3.7,6.69,1.73,199.94,36.62,8.12,89.05,0
29.42,79.09,2019,4,27,26.53,35.93,19.44,4.5,3.52,6.8,1.5,210.12,29.19,6.1,88.87,1
29.37,79.02,2020,4,11,26.58,34.94,19.33,10.73,4.09,7.2,1.66,210.88,39.94,8.48,95.43,1
29.42,79.09,2019,4,28,26.58,35.69,19.34,2.68,3.37,5.98,1.6,205.75,24.75,5.31,88.81,0
29.42,79.09,2021,4,29,26.58,33.85,19.43,7.79,3.23,5.77,1.16,187.31,33.0,7.45,89.14,0
29.37,79.02,2021,5,13,26.6,31.69,21.97,15.48,2.83,5.35,0.88,145.31,52.12,11.66,94.65,0
29.37,79.02,2019,4,9,26.61,35.15,17.84,8.31,2.98,5.59,0.7,219.81,34.69,7.26,94.94,0
29.37,79.02,2019,4,3,26.63,35.46,18.5,5.51,2.91,4.88,1.23,172.62,28.56,6.04,95.04,0
29.42,79.09,2021,5,26,26.66,33.55,20.19,7.81,2.31,3.85,0.4,200.12,32.94,7.57,88.45,0
29.76,78.68,2019,5,23,26.66,33.44,20.99,7.69,3.29,7.19,0.3,163.88,31.56,7.63,87.05,0
29.42,79.09,2021,5,27,26.68,33.5,19.59,8.89,2.17,3.4,0.17,172.44,34.94,8.12,88.48,0
29.37,79.02,2021,5,21,26.69,33.08,20.35,15.34,1.86,2.93,1.06,186.31,54.0,11.66,94.72,0
29.37,79.02,2020,4,12,26.73,34.38,19.36,12.95,3.3,5.17,1.63,243.88,44.69,9.89,95.13,0
29.42,79.09,2021,5,17,26.74,34.44,19.12,7.12,2.97,4.99,0.54,189.31,32.5,7.2,89.02,0
29.37,79.02,2020,5,4,26.76,31.85,20.58,16.97,1.71,2.82,0.55,157.81,56.62,12.82,95.11,0
29.51,78.9,2021,3,28,26.8,34.54,18.58,5.95,2.67,4.71,0.5,185.0,27.75,6.16,94.93,1
29.77,78.71,2019,5,9,26.87,35.44,18.35,0.84,4.55,9.0,1.49,218.25,20.94,4.76,86.81,1
29.37,79.02,2020,4,29,26.87,32.34,21.45,14.51,1.77,2.51,1.16,163.81,48.25,10.86,95.12,0
29.37,79.02,2020,4,24,26.88,33.63,19.39,12.45,2.49,3.45,1.77,215.19,43.38,9.58,94.83,0
29.6,78.92,2021,4,10,26.92,35.94,18.81,-3.83,3.7,6.12,1.87,298.31,13.88,2.99,95.22,1
29.6,78.92,2021,4,9,26.94,36.14,19.0,-5.65,3.31,5.98,0.37,233.06,12.75,2.62,95.04,1
29.37,79.02,2021,4,20,26.95,35.15,21.07,3.51,3.37,8.78,1.15,131.81,24.81,5.37,94.8,0
29.37,79.02,2019,3,30,26.96,36.32,19.44,7.55,3.46,5.28,1.61,196.19,33.62,6.96,95.01,0
29.76,78.68,2019,5,11,26.98,33.81,20.72,7.56,2.83,5.91,1.08,194.38,31.94,7.57,87.14,0
29.66,78.82,2021,4,25,26.99,36.54,18.44,4.33,2.87,4.84,1.78,217.06,27.12,5.55,95.09,1
29.42,79.09,2019,4,29,27.0,35.93,18.84,1.93,2.81,4.52,0.8,169.19,23.38,5.07,88.82,0
29.48,79.1,2019,5,12,27.04,34.61,21.12,7.01,3.34,7.21,0.59,191.25,30.12,7.08,88.86,1
29.37,79.02,2020,4,23,27.05,33.72,21.8,12.67,2.37,5.34,0.45,151.75,43.19,9.7,94.89,0
29.6,78.92,2021,4,8,27.07,35.23,20.66,-1.65,2.92,4.71,0.23,206.0,16.44,3.54,95.0,1
29.42,79.09,2021,4,28,27.08,35.08,19.75,7.17,3.12,6.27,1.36,223.94,31.19,7.14,89.14,0
29.76,78.68,2019,5,21,27.1,34.15,20.09,5.26,3.26,6.07,1.02,196.75,27.25,6.41,87.19,0
29.37,79.02,2020,5,6,27.17,32.42,21.88,15.84,2.23,4.41,0.23,149.88,52.25,11.9,94.96,0
29.37,79.02,2020,4,19,27.19,33.98,21.76,11.69,2.66,3.84,0.99,151.81,40.5,9.09,94.97,0
29.37,79.02,2019,4,4,27.2,34.82,19.79,8.37,2.65,3.78,1.57,194.25,32.62,7.26,95.16,0
29.37,79.02,2020,4,17,27.23,33.44,22.28,10.12,2.92,5.85,0.97,161.69,36.12,8.24,94.92,0
29.48,79.1,2019,5,8,27.25,36.4,18.9,2.43,4.55,8.21,1.87,224.69,23.56,5.19,88.72,1
29.42,79.09,2019,4,30,27.25,35.97,17.72,3.87,3.06,5.26,0.82,128.12,25.56,5.86,88.77,0
29.37,79.02,2020,5,5,27.3,31.97,20.76,15.8,1.55,2.77,0.66,177.06,51.0,11.84,94.99,0
29.42,79.09,2019,5,13,27.33,34.48,20.51,7.72,2.81,5.7,0.94,215.44,31.0,7.45,88.8,1
29.42,79.09,2019,5,26,27.35,35.72,19.53,7.68,3.22,6.09,1.14,249.88,32.44,7.51,88.64,1
29.37,79.02,2020,5,3,27.39,32.52,22.97,17.89,2.45,4.41,0.27,121.25,57.44,13.61,94.95,0
29.69,78.82,2021,4,18,27.44,34.93,20.61,7.21,3.74,7.2,0.99,230.44,29.62,6.65,95.24,1
29.48,79.1,2019,5,9,27.45,36.66,18.43,1.45,4.77,8.92,2.14,235.62,21.75,4.88,88.59,1
29.37,79.02,2020,4,30,27.48,33.19,20.87,15.89,2.09,4.27,0.66,141.69,50.81,11.9,95.09,0
29.37,79.02,2020,5,31,27.52,33.7,23.05,17.89,3.88,6.6,1.85,118.81,58.81,13.73,94.95,0
29.42,79.09,2019,5,1,27.55,35.13,19.37,6.9,3.34,5.5,0.75,117.31,29.94,7.08,88.69,0
29.42,79.09,2019,5,20,27.56,35.56,20.39,8.15,3.29,6.35,0.71,204.88,32.12,7.63,89.03,0
29.76,78.68,2019,5,27,27.58,35.26,20.55,3.19,3.73,7.27,0.66,201.5,22.88,5.55,86.91,0
29.66,78.82,2021,4,17,27.59,35.12,20.9,8.41,4.62,6.3,2.55,200.12,31.88,7.26,95.17,1
29.76,78.68,2019,5,28,27.61,36.15,18.8,-1.0,3.41,6.26,1.41,199.06,17.62,4.09,86.84,0
29.37,79.02,2020,4,18,27.65,34.83,21.7,11.59,3.07,4.08,1.87,170.5,39.31,9.03,95.05,0
29.51,78.9,2021,3,29,27.69,36.18,19.65,4.81,3.16,5.25,1.59,163.62,25.38,5.68,94.75,1
29.37,79.02,2021,5,14,27.75,34.77,20.63,13.63,2.52,4.38,1.26,212.81,44.81,10.38,94.61,0
29.76,78.68,2019,5,10,27.76,35.12,20.44,6.69,3.85,8.3,1.49,260.44,27.81,7.14,86.93,0
29.37,79.02,2020,5,11,27.78,32.48,21.3,15.83,1.76,2.93,0.09,157.62,51.25,11.96,95.16,0
29.37,79.02,2019,4,5,27.81,35.48,19.99,10.33,2.98,4.38,1.96,203.0,35.75,8.3,95.06,0
29.76,78.68,2020,5,22,27.83,35.07,19.83,7.38,2.78,5.33,0.71,192.5,29.81,7.51,86.79,0
29.48,79.1,2019,5,11,27.89,35.53,21.48,8.23,2.7,5.09,0.1,204.19,31.94,7.75,88.95,1
29.37,79.02,2020,5,1,27.89,33.56,22.17,16.87,1.87,2.84,0.39,169.94,52.94,12.7,94.94,0
29.37,79.02,2019,4,7,27.94,34.8,21.43,10.9,2.92,4.44,1.66,183.06,36.62,8.61,94.92,0
29.37,79.02,2020,5,30,27.94,31.73,23.13,17.1,2.06,3.84,0.72,142.19,52.81,12.88,94.91,0
29.76,78.68,2019,5,22,27.96,34.69,21.58,5.27,3.06,6.56,0.79,215.5,25.5,6.41,87.07,0
29.66,78.82,2021,4,19,27.97,36.54,19.94,3.51,5.42,9.0,2.78,305.06,23.88,5.25,94.84,1
29.37,79.02,2021,5,24,28.06,35.94,20.76,12.28,4.13,6.6,2.2,310.0,40.81,9.46,94.63,0
29.76,78.68,2020,5,25,28.08,35.37,21.92,8.2,3.48,7.08,1.17,262.81,31.12,7.87,86.88,0
29.42,79.09,2020,5,22,28.09,35.33,19.68,9.8,2.57,4.28,1.2,195.25,34.25,8.67,88.57,0
29.63,78.81,2021,4,11,28.14,37.59,19.67,-2.78,3.8,6.72,2.13,279.75,14.31,3.23,95.22,1
29.37,79.02,2020,4,25,28.15,34.73,22.61,11.28,2.2,3.04,1.41,135.75,37.44,8.91,94.86,0
29.37,79.02,2021,5,22,28.2,35.41,20.85,13.58,2.48,4.46,0.21,179.0,43.94,10.31,94.66,0
29.37,79.02,2019,4,21,28.22,36.15,20.83,9.21,3.2,5.31,1.3,211.88,33.06,7.69,94.71,0
29.42,79.09,2019,5,24,28.27,35.87,21.36,11.08,3.21,6.13,0.7,186.06,36.31,9.4,88.85,0
29.57,79.03,2021,3,30,28.28,37.15,21.69,0.86,3.15,4.34,1.34,188.5,18.62,4.33,94.24,1
29.37,79.02,2021,5,23,28.28,36.34,22.11,12.75,2.57,4.74,0.76,203.12,41.69,9.77,94.71,0
29.42,79.09,2019,5,10,28.32,36.55,19.51,6.65,4.1,7.66,2.41,292.5,27.38,6.96,88.73,1
29.57,79.03,2021,4,5,28.35,36.87,20.51,-2.47,3.08,5.45,1.49,141.69,14.0,3.42,95.02,1
29.77,78.71,2020,5,26,28.35,36.44,21.08,8.71,3.61,6.2,1.22,193.38,32.62,8.24,86.81,1
29.37,79.02,2019,4,10,28.35,37.01,19.86,9.29,3.38,5.25,2.55,230.75,32.81,7.75,95.02,0
29.66,78.82,2021,4,5,28.35,36.87,20.51,-2.47,3.08,5.45,1.49,141.69,14.0,3.42,95.02,0
29.76,78.68,2020,5,26,28.35,36.44,21.08,8.71,3.61,6.2,1.22,193.38,32.62,8.24,86.81,0
29.76,78.68,2020,5,24,28.47,35.89,22.39,7.78,3.83,7.55,0.93,224.69,29.81,7.69,86.97,0
29.37,79.02,2020,5,13,28.48,34.96,22.15,14.87,2.76,4.84,1.06,262.38,45.38,11.17,94.88,0
29.42,79.09,2020,5,25,28.51,35.79,22.59,10.45,3.19,5.41,1.8,296.5,34.94,9.03,88.67,0
29.42,79.09,2019,5,23,28.51,35.28,21.87,7.69,3.64,6.43,0.16,183.19,28.25,7.45,88.82,0
29.42,79.09,2019,5,21,28.54,35.94,20.83,5.95,3.39,6.12,0.86,210.38,26.56,6.59,88.97,0
29.37,79.02,2020,5,12,28.62,34.98,22.15,14.48,2.73,4.71,0.67,226.62,44.44,10.93,95.03,0
29.76,78.68,2020,5,23,28.62,35.81,22.28,9.11,3.58,7.4,0.81,194.75,31.56,8.36,86.98,0
29.42,79.09,2019,5,28,28.65,37.58,19.78,-0.95,3.3,5.86,0.85,196.81,16.88,4.03,88.64,0
29.76,78.68,2020,5,27,28.66,36.62,20.86,9.64,3.5,6.2,0.14,144.0,34.56,8.79,86.73,1
29.42,79.09,2019,5,27,28.67,36.94,21.13,3.61,3.98,7.06,1.66,214.94,22.5,5.62,88.69,0
29.37,79.02,2019,5,18,28.76,34.31,24.14,13.74,2.38,4.45,0.73,271.62,41.19,10.44,94.8,0
29.42,79.09,2020,5,26,28.76,37.08,21.87,10.45,3.61,5.31,1.57,201.75,35.31,9.03,88.59,0
29.37,79.02,2019,4,6,28.79,36.15,21.44,11.73,2.88,4.7,1.43,187.38,36.75,9.09,94.98,0
29.42,79.09,2020,5,23,28.83,35.87,21.84,11.62,2.95,5.8,0.91,176.19,36.44,9.7,88.77,0
29.71,78.78,2021,4,26,28.84,38.21,20.54,3.74,3.41,5.58,1.8,202.31,22.56,5.31,94.95,1
29.37,79.02,2020,5,2,28.84,35.22,22.23,17.08,2.91,4.41,1.6,175.62,51.31,12.88,94.86,0
29.37,79.02,2020,5,8,28.87,36.15,21.6,11.76,2.63,4.74,1.04,240.19,37.25,9.16,94.83,0
29.37,79.02,2021,5,29,28.87,34.96,23.23,19.98,3.16,4.52,1.55,159.31,60.69,15.5,94.71,0
29.6,78.92,2021,4,7,28.88,37.02,22.49,0.83,3.34,5.32,1.19,198.25,17.19,4.27,95.05,1
29.6,78.92,2021,4,6,28.9,36.52,22.75,-2.41,2.79,4.01,1.46,124.44,13.75,3.42,94.96,1
29.37,79.02,2020,4,15,28.9,36.88,23.37,12.18,2.81,4.48,1.76,200.44,38.44,9.4,95.08,0
29.37,79.02,2020,4,16,28.91,36.83,21.83,10.77,3.68,6.32,1.26,232.69,34.88,8.54,94.89,0
29.37,79.02,2021,5,7,28.91,35.12,23.1,12.37,2.52,3.69,1.73,194.25,38.0,9.52,95.16,0
29.37,79.02,2020,4,13,28.95,36.83,22.21,13.58,2.54,4.31,0.51,212.19,41.5,10.25,94.99,0
29.76,78.68,2019,5,29,28.96,37.32,19.77,0.01,3.57,6.87,0.65,223.12,16.75,4.39,86.76,0
29.37,79.02,2020,4,14,28.99,35.98,23.15,14.11,2.55,4.79,0.7,157.12,42.44,10.62,95.11,0
29.37,79.02,2019,4,11,29.01,37.33,22.52,8.42,3.5,6.23,1.39,212.38,30.25,7.32,94.98,1
29.42,79.09,2020,5,24,29.01,36.34,22.78,9.62,3.45,5.8,1.28,254.31,32.5,8.54,88.75,0
29.44,79.05,2019,4,11,29.01,37.33,22.52,8.42,3.5,6.23,1.39,212.38,30.25,7.32,94.98,0
29.37,79.02,2021,5,9,29.08,35.76,21.59,11.88,2.91,4.84,1.54,203.31,36.94,9.22,94.85,0
29.37,79.02,2021,5,18,29.15,34.21,24.72,10.73,2.62,5.05,0.94,184.31,32.5,8.54,94.83,0
29.42,79.09,2020,5,27,29.22,37.11,22.11,11.12,3.34,6.24,1.11,136.5,35.62,9.46,88.54,0
29.37,79.02,2019,4,12,29.23,37.59,21.64,8.86,3.33,5.69,1.64,207.25,30.25,7.57,94.99,0
29.42,79.09,2019,5,22,29.27,36.74,21.46,5.62,3.21,6.74,0.55,233.75,25.12,6.47,88.85,0
29.6,78.92,2021,4,12,29.29,37.17,21.98,3.15,4.72,9.16,1.4,306.69,19.5,5.07,95.26,1
29.37,79.02,2019,4,22,29.32,36.38,22.33,9.61,2.48,4.88,0.47,201.12,30.94,7.93,94.76,0
29.4,78.92,2019,4,13,29.33,37.58,21.98,10.12,4.04,7.04,1.08,211.31,33.12,8.18,95.02,1
29.37,79.02,2021,5,8,29.43,34.73,23.17,11.62,1.84,2.78,0.48,193.69,35.12,9.03,95.04,0
29.37,79.02,2020,5,29,29.44,35.33,23.83,16.19,3.7,5.31,2.27,119.5,46.44,12.21,94.74,0
29.37,79.02,2019,4,23,29.45,37.0,21.62,10.81,2.77,5.08,1.22,150.69,33.44,8.54,94.93,0
29.37,79.02,2020,5,9,29.45,36.41,21.38,13.86,2.36,3.62,1.03,151.06,40.5,10.5,94.93,0
29.37,79.02,2021,5,30,29.48,35.27,23.12,19.58,2.44,3.62,0.38,202.25,57.56,15.14,94.61,0
29.37,79.02,2020,5,16,29.5,37.75,21.83,11.08,4.25,7.02,2.22,241.19,35.06,8.79,94.61,0
29.37,79.02,2021,5,28,29.51,36.27,21.98,12.99,2.62,3.98,1.89,154.06,38.5,10.07,94.54,0
29.66,78.82,2021,4,13,29.52,37.98,21.33,2.71,4.79,8.49,2.16,305.5,19.94,4.88,95.06,1
29.37,79.02,2021,5,25,29.54,38.57,20.73,9.66,3.8,5.5,3.13,310.88,32.62,8.0,94.36,0
29.37,79.02,2019,5,5,29.64,38.63,20.86,0.1,4.84,9.34,2.21,273.44,17.12,4.09,94.83,0
29.37,79.02,2020,5,14,29.65,37.05,22.4,15.37,3.18,6.09,1.64,207.88,44.56,11.54,94.85,0
29.37,79.02,2020,5,10,29.75,35.86,23.58,16.23,1.62,2.97,0.21,173.75,46.25,12.21,94.99,0
29.37,79.02,2021,5,15,29.81,37.32,22.44,10.48,3.0,5.2,1.16,211.75,32.38,8.36,94.72,0
29.37,79.02,2019,5,4,29.83,38.26,21.92,1.89,4.01,7.37,1.29,202.19,19.69,4.76,94.84,0
29.37,79.02,2021,5,10,29.9,35.1,25.31,12.76,2.09,3.98,0.23,275.62,36.06,9.77,94.72,0
29.37,79.02,2019,4,14,29.9,38.86,21.82,7.85,4.54,8.09,2.08,232.94,29.06,7.08,94.97,0
29.37,79.02,2021,5,11,29.92,36.32,22.87,11.73,2.73,4.19,1.06,189.25,34.5,9.16,94.65,0
29.37,79.02,2019,5,19,29.96,37.31,22.48,11.67,3.42,6.46,1.14,270.56,35.31,9.09,94.83,0
29.37,79.02,2021,5,6,30.02,35.84,22.78,11.13,2.5,4.16,0.66,166.94,32.62,8.73,95.01,0
29.42,79.09,2019,5,29,30.08,38.51,20.87,0.39,3.34,5.98,1.09,229.94,16.12,4.46,88.56,0
29.44,79.05,2021,5,2,30.12,35.84,25.46,9.27,2.74,4.37,0.96,153.12,28.56,7.75,95.02,1
29.76,78.68,2019,5,30,30.13,37.98,21.74,0.93,3.95,7.39,1.31,213.06,16.44,4.7,86.7,0
29.37,79.02,2020,5,20,30.17,38.89,21.83,6.48,3.2,5.69,1.6,205.31,25.62,6.47,94.3,0
29.37,79.02,2021,5,12,30.3,36.95,24.33,10.73,2.42,5.28,0.54,200.31,31.5,8.61,94.45,0
29.37,79.02,2020,5,17,30.44,38.56,22.61,10.08,3.62,6.24,2.17,248.94,31.5,8.24,94.53,0
29.37,79.02,2021,5,5,30.48,36.98,24.91,10.32,3.09,4.84,1.43,146.94,30.56,8.3,94.87,0
29.73,78.75,2021,4,27,30.5,39.29,22.15,5.63,3.59,6.05,1.29,201.69,22.94,6.04,94.88,1
29.37,79.02,2020,5,19,30.51,39.02,23.37,5.51,3.99,6.96,1.86,249.06,23.88,6.1,94.4,0
29.37,79.02,2020,5,15,30.57,39.01,23.8,12.38,4.16,7.36,2.36,284.5,35.81,9.58,94.69,0
29.66,78.82,2021,4,14,30.58,39.03,21.94,5.01,4.61,9.05,2.19,298.62,22.0,5.74,94.92,1
29.37,79.02,2019,5,14,30.59,36.59,24.51,12.43,2.76,5.2,1.02,258.69,34.25,9.58,94.69,0
29.37,79.02,2019,4,15,30.59,39.44,22.93,6.58,3.83,6.77,2.01,250.0,25.75,6.53,94.85,0
29.37,79.02,2021,4,15,30.65,38.94,22.73,4.77,4.47,8.59,2.51,299.19,20.94,5.68,94.87,0
29.37,79.02,2021,5,16,30.71,38.8,22.08,8.01,2.64,4.92,0.88,210.0,27.06,7.14,94.83,0
29.37,79.02,2021,5,26,30.73,38.65,22.75,8.16,2.89,4.67,1.58,278.5,27.81,7.39,94.22,0
29.76,78.68,2019,5,31,30.76,38.81,21.37,0.89,3.47,5.87,1.14,206.75,16.19,4.7,86.76,0
29.37,79.02,2019,5,6,30.78,39.69,22.83,-0.28,5.19,9.3,2.67,296.25,15.06,3.97,94.61,0
29.47,79.01,2021,5,4,30.86,37.98,22.86,8.99,2.59,4.18,1.21,156.62,27.44,7.63,94.72,1
29.44,79.05,2019,4,28,30.87,40.55,22.39,2.36,4.34,7.57,1.93,213.88,18.38,4.82,94.62,1
29.37,79.02,2019,5,25,30.88,37.44,24.41,11.4,5.29,8.73,2.16,300.75,32.62,8.97,94.59,1
29.37,79.02,2019,4,24,30.9,38.35,23.1,11.12,2.73,3.98,1.53,169.62,31.44,8.73,95.03,0
29.37,79.02,2020,5,18,30.92,38.9,24.4,8.9,3.66,6.88,0.51,212.0,28.38,7.63,94.45,0
29.37,79.02,2019,5,3,30.99,38.31,24.97,8.24,3.18,5.98,1.35,161.69,25.69,7.26,94.74,0
29.37,79.02,2020,5,28,31.01,36.9,26.25,14.01,4.66,6.3,2.57,90.81,36.81,10.68,94.51,0
29.37,79.02,2021,4,16,31.02,38.87,24.63,3.26,3.41,5.62,1.62,283.31,18.5,5.07,94.85,1
29.42,79.09,2019,5,30,31.03,39.15,21.63,1.06,3.61,6.35,0.27,208.06,15.94,4.64,88.5,0
29.37,79.02,2020,5,21,31.06,40.3,22.22,7.26,3.59,6.84,0.59,209.06,25.31,6.84,94.2,1
29.4,78.92,2020,5,21,31.06,40.3,22.22,7.26,3.59,6.84,0.59,209.06,25.31,6.84,94.2,0
29.44,79.05,2021,5,3,31.07,36.87,25.5,9.34,2.11,4.69,0.47,180.88,27.12,7.75,94.83,1
29.4,78.92,2021,5,27,31.1,38.44,23.69,10.1,2.13,3.14,0.95,173.25,30.19,8.3,94.27,1
29.44,79.05,2021,5,1,31.12,37.83,24.39,8.37,2.44,3.95,0.88,162.88,25.69,7.26,94.94,1
29.4,78.92,2019,5,15,31.15,38.23,23.33,10.51,2.84,4.34,1.27,204.44,30.12,8.42,94.84,1
29.37,79.02,2021,4,30,31.19,38.7,22.62,8.46,2.9,5.09,1.23,166.06,26.5,7.32,94.95,0
29.37,79.02,2021,5,31,31.2,37.14,25.15,17.89,2.04,4.05,0.19,209.81,47.06,13.67,94.31,0
29.37,79.02,2019,4,27,31.21,40.73,22.97,3.84,5.05,9.48,2.11,302.12,21.5,5.49,94.69,1
29.37,79.02,2019,5,17,31.3,38.01,24.82,12.02,3.05,5.82,1.27,277.25,32.75,9.28,94.82,0
29.37,79.02,2021,4,28,31.42,40.12,22.83,7.36,3.52,6.01,2.0,248.31,24.88,6.77,94.96,0
29.37,79.02,2019,4,25,31.63,39.69,23.58,10.15,2.83,4.67,0.87,173.75,28.75,8.18,95.01,0
29.37,79.02,2021,5,17,31.65,39.56,24.27,5.99,3.06,4.95,1.27,185.38,23.0,6.29,94.8,0
29.37,79.02,2019,5,26,31.66,39.97,22.97,7.86,3.49,5.52,1.66,271.44,25.69,7.14,94.47,1
29.37,79.02,2019,5,16,31.66,39.06,24.51,11.57,3.12,5.53,1.49,218.75,30.94,9.03,94.87,0
29.63,78.81,2019,5,26,31.66,39.97,22.97,7.86,3.49,5.52,1.66,271.44,25.69,7.14,94.47,0
29.37,79.02,2019,5,2,31.73,39.3,24.47,7.88,3.68,6.09,1.0,108.62,24.44,7.08,94.57,0
29.57,79.03,2019,5,7,31.76,40.73,23.44,-0.53,4.9,8.44,2.42,219.5,14.25,3.91,94.49,1
29.42,79.09,2019,5,31,31.83,39.64,22.4,1.23,3.33,5.56,1.21,188.75,15.44,4.7,88.57,0
29.37,79.02,2019,4,29,31.85,41.08,23.77,0.62,3.3,5.38,0.32,193.88,15.62,4.27,94.61,0
29.47,79.01,2019,5,12,31.9,39.12,25.44,8.86,3.75,7.7,1.6,278.44,26.12,7.57,94.7,1
29.37,79.02,2019,5,20,32.03,40.01,24.56,8.95,3.5,7.26,0.7,211.12,25.88,7.57,94.87,0
29.37,79.02,2019,4,26,32.06,39.97,24.75,8.76,4.28,7.15,1.88,213.5,25.56,7.45,94.85,1
29.37,79.02,2021,4,29,32.2,39.63,26.37,7.58,3.4,6.05,1.27,188.25,23.19,6.9,94.95,0
29.44,79.05,2019,5,13,32.39,39.48,26.26,8.5,2.95,5.95,0.81,228.81,24.06,7.39,94.62,1
29.37,79.02,2019,5,24,32.63,39.41,25.9,12.96,3.43,5.09,1.45,203.38,31.12,9.95,94.65,0
29.44,79.05,2019,4,30,32.67,41.23,23.58,2.2,3.34,4.72,1.79,126.81,15.94,4.82,94.47,1
29.4,78.92,2019,5,8,32.69,41.75,24.26,1.39,4.89,8.84,2.25,208.44,15.25,4.46,94.49,1
29.4,78.92,2019,5,9,32.83,41.8,24.57,0.98,5.19,9.61,2.6,242.19,14.69,4.33,94.35,1
29.37,79.02,2019,5,1,32.92,40.52,25.73,5.04,3.9,6.01,1.66,128.0,18.81,5.86,94.4,0
29.37,79.02,2020,5,22,33.05,41.54,24.63,9.2,3.06,5.16,1.16,205.69,25.69,7.81,94.31,0
29.37,79.02,2019,5,21,33.11,40.87,25.14,6.98,3.82,5.84,1.38,230.31,22.0,6.65,94.79,0
29.47,79.01,2019,5,11,33.15,40.47,26.78,8.62,3.06,5.23,0.66,240.62,24.31,7.51,94.74,1
29.37,79.02,2019,5,27,33.21,41.57,25.58,3.92,4.28,7.3,1.69,247.44,17.38,5.37,94.47,0
29.4,78.92,2019,5,10,33.29,41.29,24.94,7.23,4.37,7.44,2.59,296.56,20.81,6.77,94.48,1
29.37,79.02,2019,5,28,33.43,42.31,24.86,-0.42,3.73,6.45,1.12,225.12,12.81,3.91,94.41,0
29.37,79.02,2019,5,22,33.57,41.11,25.65,7.68,3.44,5.59,1.36,239.38,22.12,6.96,94.64,0
29.37,79.02,2020,5,25,33.73,41.91,26.09,10.32,4.41,7.45,2.41,306.5,26.81,8.36,94.41,0
29.37,79.02,2020,5,23,33.93,41.68,26.92,11.24,3.34,5.06,2.2,183.06,26.81,8.85,94.47,0
29.37,79.02,2020,5,24,34.34,42.53,26.61,9.19,3.99,7.11,0.84,250.81,23.94,7.75,94.48,0
29.37,79.02,2019,5,29,34.62,43.41,25.29,1.53,3.88,6.78,0.7,249.12,13.44,4.52,94.3,0
29.66,78.82,2020,5,26,34.65,43.61,26.44,10.1,3.86,6.27,1.33,198.19,25.25,8.3,94.3,1
29.71,78.78,2020,5,27,34.91,43.37,27.01,11.11,3.22,6.18,0.75,146.75,26.62,8.91,94.23,1
29.37,79.02,2019,5,30,36.03,44.16,28.21,2.03,3.84,6.74,0.39,236.0,12.69,4.64,94.22,0
29.37,79.02,2019,5,31,36.37,44.98,27.59,2.22,3.12,4.74,2.14,216.19,12.88,4.7,94.26,0
29.76,78.68,2020,2,1,6.05,12.22,2.34,-0.56,1.72,3.35,0.43,167.62,64.38,4.21,87.63,0
29.76,78.68,2020,2,7,6.33,11.72,1.95,-1.6,1.62,2.92,0.78,160.31,58.25,3.91,87.72,0
29.76,78.68,2020,2,2,7.13,15.58,1.3,-3.15,2.15,4.0,0.79,149.44,51.31,3.48,87.78,0
29.76,78.68,2020,2,8,7.3,14.78,2.08,-2.64,2.16,5.16,0.66,151.25,51.12,3.66,87.81,0
29.76,78.68,2020,2,6,7.4,13.69,3.6,-0.98,1.75,4.38,0.08,225.81,56.69,4.09,87.52,0
29.76,78.68,2020,2,4,7.41,14.23,2.42,-2.78,2.26,4.69,0.98,131.38,50.25,3.6,87.66,0
29.42,79.09,2020,2,1,7.48,13.69,2.81,0.4,1.83,3.32,0.52,204.19,62.5,4.39,89.54,0
29.76,78.68,2020,2,5,7.52,14.9,2.55,-1.61,2.29,4.86,0.4,175.0,54.31,3.91,87.57,0
29.42,79.09,2020,2,7,7.65,13.83,3.39,-1.02,2.09,3.39,1.19,152.38,55.62,3.97,89.65,0
29.42,79.09,2020,2,2,7.88,17.75,0.12,-2.06,2.73,3.75,1.88,193.12,53.69,3.72,89.63,0
29.42,79.09,2020,2,8,7.94,16.67,1.47,-1.96,2.47,4.27,0.95,147.31,52.69,3.72,89.68,0
29.42,79.09,2020,2,5,8.11,17.0,1.74,-1.07,2.7,4.58,1.16,183.81,55.5,4.03,89.42,0
29.76,78.68,2021,2,5,8.25,14.02,4.42,2.7,2.06,3.22,0.3,205.12,70.56,5.31,87.63,0
29.42,79.09,2020,2,6,8.35,15.53,3.12,-0.62,2.08,4.25,0.29,206.0,55.5,4.09,89.41,0
29.76,78.68,2020,2,21,8.36,12.76,5.07,5.45,2.98,5.17,1.5,81.69,82.44,6.47,87.85,0
29.76,78.68,2020,2,3,8.38,15.63,4.22,-3.58,1.7,4.06,0.12,158.0,44.44,3.42,87.74,0
29.76,78.68,2020,3,7,8.44,13.16,4.15,6.12,2.99,4.48,1.38,114.44,86.0,6.77,87.55,0
29.42,79.09,2020,2,4,8.7,15.48,4.08,-1.47,2.27,3.97,0.91,117.38,50.38,3.91,89.55,0
29.76,78.68,2020,2,9,8.84,16.58,2.32,-2.32,2.35,4.76,0.59,154.69,47.44,3.72,87.98,0
29.76,78.68,2021,1,29,9.04,15.84,5.23,-6.34,1.96,4.72,0.31,147.5,34.12,2.69,87.58,0
29.76,78.68,2021,2,6,9.07,16.71,3.83,-1.18,2.36,5.31,0.68,169.06,52.25,4.03,87.54,0
29.42,79.09,2020,2,9,9.22,18.15,2.15,-1.55,2.56,3.92,1.43,143.25,49.88,3.85,89.82,0
29.76,78.68,2021,1,14,9.38,17.24,4.31,-4.47,1.91,4.37,0.77,170.44,39.31,3.17,87.51,0
29.76,78.68,2020,2,10,9.63,16.87,5.2,-1.65,1.85,4.58,0.28,190.94,47.06,3.91,87.81,0
29.42,79.09,2020,2,3,9.65,17.43,4.7,-2.74,2.0,3.83,0.56,127.88,43.44,3.54,89.61,0
29.76,78.68,2019,3,1,9.65,16.94,3.4,-0.72,2.04,4.48,0.08,148.06,50.31,4.15,87.5,0
29.76,78.68,2021,1,30,9.65,17.13,5.36,-6.65,1.91,5.06,0.16,151.94,32.31,2.62,87.47,0
29.76,78.68,2021,1,25,9.74,17.72,4.38,-3.31,1.98,3.8,0.52,143.75,42.44,3.48,87.63,0
29.42,79.09,2020,2,21,9.85,13.35,6.94,6.68,4.21,7.06,1.63,77.56,81.25,6.84,89.75,0
29.42,79.09,2020,2,10,9.92,18.31,4.33,-0.95,2.28,4.2,1.25,207.75,49.19,3.97,89.66,1
29.42,79.09,2021,2,5,9.92,17.37,5.58,3.46,2.16,3.52,0.16,192.94,68.44,5.49,89.52,0
29.59,79.07,2020,2,10,9.92,18.31,4.33,-0.95,2.28,4.2,1.25,207.75,49.19,3.97,89.66,0
29.76,78.68,2021,1,26,9.94,17.68,5.92,-5.38,1.66,3.71,0.38,134.81,36.5,2.99,87.59,0
